-- phpMyAdmin SQL Dump
-- version 4.0.4
-- http://www.phpmyadmin.net
--
-- Host: localhost
-- Generation Time: Dec 04, 2014 at 03:51 PM
-- Server version: 5.6.12-log
-- PHP Version: 5.4.16

SET SQL_MODE = "NO_AUTO_VALUE_ON_ZERO";
SET time_zone = "+00:00";


/*!40101 SET @OLD_CHARACTER_SET_CLIENT=@@CHARACTER_SET_CLIENT */;
/*!40101 SET @OLD_CHARACTER_SET_RESULTS=@@CHARACTER_SET_RESULTS */;
/*!40101 SET @OLD_COLLATION_CONNECTION=@@COLLATION_CONNECTION */;
/*!40101 SET NAMES utf8 */;

--
-- Database: `bai_tap`
--
CREATE DATABASE IF NOT EXISTS `bai_tap` DEFAULT CHARACTER SET utf8 COLLATE utf8_vietnamese_ci;
USE `bai_tap`;

-- --------------------------------------------------------

--
-- Table structure for table `bh_kienthuc`
--

CREATE TABLE IF NOT EXISTS `bh_kienthuc` (
  `maso` int(10) NOT NULL AUTO_INCREMENT,
  `tieude` varchar(200) NOT NULL,
  `slug` varchar(80) NOT NULL,
  `noidung` text NOT NULL,
  `lienquan` varchar(200) NOT NULL,
  `ngaylam` datetime NOT NULL,
  PRIMARY KEY (`maso`),
  UNIQUE KEY `slug` (`slug`)
) ENGINE=InnoDB  DEFAULT CHARSET=utf8 COMMENT='Đơn vị kiến thức' AUTO_INCREMENT=6 ;

--
-- Dumping data for table `bh_kienthuc`
--

INSERT INTO `bh_kienthuc` (`maso`, `tieude`, `slug`, `noidung`, `lienquan`, `ngaylam`) VALUES
(1, 'Khái niệm số nguyên tố', 'khai-niem-so-nguyen-to', '<p><strong>* Định nghĩa:</strong></p>\r\n\r\n<p>Số tự nhiên n &gt; 1 được gọi là số nguyên tố nếu nó chỉ có 2 ước số dương là 1 và n.</p>\r\n\r\n<p><strong>* Ví dụ:</strong></p>\r\n\r\n<p>+ Các số 2, 3, 5, 7 là số nguyên tố.</p>\r\n\r\n<p>+ Số 4 không phải là số nguyên tố vì 4 có thêm ước là 2.</p>\r\n', '2', '2014-11-23 05:29:39'),
(2, 'Thuật toán kiểm tra số nguyên tố', 'thuat-toan-kiem-tra-so-nguyen-to', '<p><strong>Thuật toán tìm số nguyên tố:</strong></p>\r\n\r\n<p>* Thuật toán 1:</p>\r\n\r\n<p>+ Ý tưởng: Nếu n không chia hết cho số nào từ 2 đến n/2 thì n là số nguyên tố.</p>\r\n\r\n<p>+ Thuật toán:</p>\r\n\r\n<p>Với mỗi i đếm từ 2 đến n div 2: nếu n chia hết cho i thì n không phải là số nguyên tố.</p>\r\n\r\n<p>* Thuật toán 2:</p>\r\n\r\n<p>+ Ý tưởng: Nếu n không chia hết cho số nào từ 2 đến (căn bậc hai của n) thì n là số nguyên tố.</p>\r\n\r\n<p>+ Thuật toán:</p>\r\n\r\n<p>Với mỗi i đếm từ 2 đến sqrt(n): nếu n chia hết cho i thì n không phải là số nguyên tố</p>\r\n', '1', '2014-11-14 09:43:20'),
(3, 'Ước số - bội số', 'uoc-so-boi-so', '<p><strong>*Khái niệm:</strong></p>\r\n\r\n<p>Nếu a chia hết cho b thì ta nói a là bội số của b, và b là ước số của a.</p>\r\n\r\n<p>Đôi khi, ta còn gọi tắt là bội, ước.</p>\r\n', '', '2014-11-14 10:30:32'),
(4, 'Chia hết, chia hết cho', 'chia-het-va-chia-het-cho', '<p>* Khái niệm:</p>\r\n\r\n<p>Cho 2 số nguyên a, b (b &ne; 0). Nếu tồn tại số nguyên k sao cho a = b.k thì ta nói a <em>chia hết cho</em> b (kí hiệu a ⁞ b), hoặc b <em>chia hết</em> a (kí hiệu b | a).</p>\r\n\r\n<p>* Tính chất cơ bản:</p>\r\n\r\n<ul>\r\n	<li>a ⁞ a với mọi a &ne; 0</li>\r\n	<li>a ⁞ 1 với mọi a</li>\r\n	<li>Nếu a ⁞ b và b ⁞ c thì a ⁞ c</li>\r\n	<li>Nếu a ⁞ b và b ⁞ a thì a = b hoặc a =&nbsp; -b</li>\r\n	<li>&nbsp;</li>\r\n</ul>\r\n', '', '2014-11-23 05:43:51'),
(5, 'Cơ bản về Pascal', 'co-ban-ve-pascal', '<p><strong>* Kiểu dữ liệu:</strong></p>\r\n\r\n<p>- Kiểu số nguyên: byte, integer, word, longint</p>\r\n\r\n<p>- Kiểu số thực: real</p>\r\n\r\n<p>- Kiểu kí tự: char, string</p>\r\n\r\n<p>- Kiểu logic: boolean</p>\r\n\r\n<p><strong>* Các câu lệnh cơ bản</strong></p>\r\n\r\n<p>- Lệnh gán giá trị cho biến; vd x:= 1;</p>\r\n\r\n<p>- Lệnh&nbsp; nhập giá trị cho biến; vd readln(x);</p>\r\n\r\n<p>- Lệnh xuất giá trị cho biến; write(x);</p>\r\n\r\n<p>- Lệnh điều kiện if, case</p>\r\n\r\n<p>- Lệnh lặp: for, while, repeat</p>\r\n\r\n<p>&nbsp;</p>\r\n', '', '2014-11-23 07:04:17');

-- --------------------------------------------------------

--
-- Table structure for table `bh_tukhoa`
--

CREATE TABLE IF NOT EXISTS `bh_tukhoa` (
  `id` int(10) unsigned NOT NULL AUTO_INCREMENT,
  `tukhoa` varchar(60) NOT NULL,
  `lienket` varchar(200) NOT NULL,
  `ngaytao` datetime NOT NULL,
  PRIMARY KEY (`id`),
  UNIQUE KEY `tukhoa` (`tukhoa`)
) ENGINE=InnoDB  DEFAULT CHARSET=utf8 COMMENT='từ khoá và liên kết' AUTO_INCREMENT=4 ;

--
-- Dumping data for table `bh_tukhoa`
--

INSERT INTO `bh_tukhoa` (`id`, `tukhoa`, `lienket`, `ngaytao`) VALUES
(1, 'chia hết cho', 'bh.php?b=chia-het-va-chia-het-cho', '2014-11-23 05:54:31'),
(2, 'chia hết', 'bh.php?b=chia-het-va-chia-het-cho', '2014-11-23 06:55:12'),
(3, 'số nguyên tố', 'bh.php?b=khai-niem-so-nguyen-to', '2014-11-23 06:56:01');

-- --------------------------------------------------------

--
-- Table structure for table `th_baitap`
--

CREATE TABLE IF NOT EXISTS `th_baitap` (
  `maso` int(10) unsigned NOT NULL AUTO_INCREMENT,
  `mamuc` varchar(10) NOT NULL,
  `tieude` varchar(100) NOT NULL,
  `noidung` text NOT NULL,
  `nopbai` tinyint(4) NOT NULL DEFAULT '1',
  `ngaylam` datetime NOT NULL,
  PRIMARY KEY (`maso`)
) ENGINE=InnoDB  DEFAULT CHARSET=utf8 COMMENT='Các bài tập - thực hành' AUTO_INCREMENT=6 ;

--
-- Dumping data for table `th_baitap`
--

INSERT INTO `th_baitap` (`maso`, `mamuc`, `tieude`, `noidung`, `nopbai`, `ngaylam`) VALUES
(1, 'tin11', 'Bài tập và thực hành số 5', '<p>Làm bài tập và thực hành <strong>SGK</strong></p>\n', 0, '2014-11-12 15:01:30'),
(2, 'hsg4', 'Chia nhóm học sinh (bài 2, hsg 12 Bình Định 2014)', '<p><strong><em>Thi học sinh giỏi </em></strong></p>\r\n\r\n<p>Trong kì thi học sinh giỏi lớp 12 cấp tỉnh năm 2014 tại tỉnh Bình Định có N học sinh đến từ các trường THPT trong tỉnh. Giả sử tên các học sinh dự thi là không trùng nhau. Ban đầu ta biết một số thông tin về những học sinh cùng trường với nhau theo từng cặp. Hãy xác định số trường có học sinh dự thi và danh sách tên các học sinh dự thi của từng trường. Giả sử thông tin về các cặp học sinh cùng trường đủ cho ta xác định đúng các học sinh trong cùng một trường.</p>\r\n\r\n<p>Tên chương trình <strong>ThiHSG.PAS</strong></p>\r\n\r\n<p><strong><u>Dữ liệu vào:</u></strong> file <strong>ThiHSG.inp</strong> có cấu trúc như sau:</p>\r\n\r\n<p>Dòng đầu là hai số nguyên dương N, M với N là số học sinh tham gia thi học sinh giỏi và M là số thông tin những cặp học sinh cùng trường (0</p>\r\n\r\n<p>M dòng tiếp theo mỗi dòng là tên của hai học sinh cùng trường với nhau hoặc tên của một học sinh nếu trường đó chỉ có một học sinh dự thi.</p>\r\n\r\n<p><strong><u>Dữ liệu ra:</u></strong> file <strong>ThiHSG.out</strong> có cấu trúc như sau:</p>\r\n\r\n<p>Dòng đầu là số nguyên dương K là số trường có học sinh dự thi.</p>\r\n\r\n<p>K dòng tiếp theo, mỗi dòng gồm tên những học sinh của cùng một trường dự thi, giữa tên các học sinh cách nhau một khoảng cách.</p>\r\n\r\n<p>Ví dụ:</p>\r\n\r\n<table border="1" cellpadding="0" cellspacing="0">\r\n	<tbody>\r\n		<tr>\r\n			<td style="width:312px">\r\n			<p>ThiHSG.inp</p>\r\n			</td>\r\n			<td style="width:312px">\r\n			<p>ThiHSG.out</p>\r\n			</td>\r\n		</tr>\r\n		<tr>\r\n			<td style="width:312px">\r\n			<p>10 8</p>\r\n\r\n			<p>An Binh</p>\r\n\r\n			<p>Thu Sinh</p>\r\n\r\n			<p>An Sinh</p>\r\n\r\n			<p>Lan Hoa</p>\r\n\r\n			<p>Tam</p>\r\n\r\n			<p>Hoa Linh</p>\r\n\r\n			<p>Lan Hung</p>\r\n\r\n			<p>Lan Khanh</p>\r\n			</td>\r\n			<td style="width:312px" valign=''top''>\r\n			<p>3</p>\r\n\r\n			<p>An Binh Sinh Thu</p>\r\n\r\n			<p>Hoa Hung Khanh Lan Linh</p>\r\n\r\n			<p>Tam</p>\r\n			</td>\r\n		</tr>\r\n	</tbody>\r\n</table>\r\n\r\n<p>&nbsp;</p>\r\n', 1, '2014-11-13 16:40:11'),
(3, 'hsg4', 'Sắp xếp nhanh', '<p>Cho dãy số A1, A2, ... An.</p>\n\n<p>Hãy thực hiện sắp xếp nhanh cho dãy số trên.</p>\n', 1, '2014-11-13 16:42:28'),
(4, 'hsg0', 'Bài tập pascal cơ bản', '<p style="margin-left:7.1pt">Bài 1.Nhập vào 2 cạnh của một hình chữ nhật. In ra màn hình diện tích và chu vi của nó.</p>\r\n\r\n<p style="margin-left:7.1pt">Bài 2.Nhập vào bán kính của hình tròn. In ra màn hình diện tích và chu vi của nó.</p>\r\n\r\n<p style="margin-left:7.1pt">Bài 3.<strong><em>Tính tam</em></strong> <strong><em>giác</em></strong>: Nhập vào ba số a,b,c bất kì. Kiểm tra xem nó có thể là độ dài ba cạnh hay không, nếu không thì in ra màn hình &#39;Khong la ba canh cua mot tam giac&#39;. Ngược lại, thì in diện tích, chu vi của tam giác ra màn hình.</p>\r\n\r\n<p style="margin-left:7.1pt">Bài 4.Viết chương trình giải phương trình bậc 1 (ax + b = 0)</p>\r\n\r\n<p style="margin-left:7.1pt">Bài 5.Viết chương trình giải phương trình bậc 2 (ax2&nbsp;+ bx + c =0)</p>\r\n\r\n<p style="margin-left:7.1pt">Bài 6.Tìm giá trị nhỏ nhất trong 4 số a, b, c, d (a, b, c, được nhập từ bàn phím).</p>\r\n\r\n<p style="margin-left:7.1pt">Bài 7.Nhập vào thời gian 1 công việc nào đó là x giây. Hãy chuyển đổi và viết ra màn hình số thời gian trên dưới dạng bằng bao nhiêu giờ, bao nhiêu phút, bao nhiêu giây.</p>\r\n\r\n<p style="margin-left:7.1pt">Bài 8.Nhập vào tâm và bán kính của một đường tròn. Sau đó nhập vào một điểm A(x, y) bất kì và kiểm tra xem nó có thuộc đường tròn hay không?</p>\r\n\r\n<p style="margin-left:7.1pt">Bài 9.Tính n!</p>\r\n\r\n<p style="margin-left:7.1pt">Bài 10.Tìm tất cả các chữ số có ba chữ số abc sao cho tổng các lập phương của các chữ số thì bằng chính số đó:</p>\r\n\r\n<p style="margin-left:3.3pt"><img src="file:///C:\\Users\\NAMTRA~1\\AppData\\Local\\Temp\\msohtmlclip1\\01\\clip_image002.gif" style="height:23px; width:113px" /></p>\r\n\r\n<p style="margin-left:7.1pt">Bài 11.Nhập vào một số nguyên không âm, kiểm tra xem nó có phải là số nguyên tố hay không ?</p>\r\n\r\n<p style="margin-left:7.1pt">Bài 12.In ra các số nguyên tố nhỏ hơn hoặc bằng N (N là số nguyên không âm được nhập từ bàn phím).</p>\r\n\r\n<p style="margin-left:7.1pt">Bài 13.Nhập 3 loại tiền và số tiền cần đổi. Hãy tìm tất cả các tổ hợp có được của 3 loại tiền trên cho số tiền vừa nhập.</p>\r\n\r\n<p style="margin-left:7.1pt">Bài 14.Lập trình giải bài toán sau:</p>\r\n\r\n<p style="margin-left:2.0cm">Trăm trâu trăm cỏ</p>\r\n\r\n<p style="margin-left:2.0cm">Trâu đứng ăn năm</p>\r\n\r\n<p style="margin-left:2.0cm">Trâu nằm ăn ba</p>\r\n\r\n<p style="margin-left:2.0cm">Trâu già ba con một bó. Hỏi có bao nhiêu con mỗi loại?</p>\r\n\r\n<p style="margin-left:7.1pt">Bài 15.Tạo bảng số dạng sau:</p>\r\n\r\n<table border="1" cellpadding="0" cellspacing="0">\r\n	<tbody>\r\n		<tr>\r\n			<td style="width:55px">\r\n			<p style="margin-left:3.3pt">0</p>\r\n			</td>\r\n			<td style="width:58px">\r\n			<p style="margin-left:3.3pt">1</p>\r\n			</td>\r\n			<td style="width:58px">\r\n			<p style="margin-left:3.3pt">2</p>\r\n			</td>\r\n			<td style="width:58px">\r\n			<p style="margin-left:3.3pt">3</p>\r\n			</td>\r\n			<td style="width:57px">\r\n			<p style="margin-left:3.3pt">4</p>\r\n			</td>\r\n			<td style="width:57px">\r\n			<p style="margin-left:3.3pt">5</p>\r\n			</td>\r\n			<td style="width:57px">\r\n			<p style="margin-left:3.3pt">6</p>\r\n			</td>\r\n			<td style="width:57px">\r\n			<p style="margin-left:3.3pt">7</p>\r\n			</td>\r\n			<td style="width:57px">\r\n			<p style="margin-left:3.3pt">8</p>\r\n			</td>\r\n			<td style="width:57px">\r\n			<p style="margin-left:3.3pt">9</p>\r\n			</td>\r\n		</tr>\r\n		<tr>\r\n			<td style="width:55px">\r\n			<p style="margin-left:3.3pt">10</p>\r\n			</td>\r\n			<td style="width:58px">\r\n			<p style="margin-left:3.3pt">11</p>\r\n			</td>\r\n			<td style="width:58px">\r\n			<p style="margin-left:3.3pt">12</p>\r\n			</td>\r\n			<td style="width:58px">\r\n			<p style="margin-left:3.3pt">13</p>\r\n			</td>\r\n			<td style="width:57px">\r\n			<p style="margin-left:3.3pt">14</p>\r\n			</td>\r\n			<td style="width:57px">\r\n			<p style="margin-left:3.3pt">15</p>\r\n			</td>\r\n			<td style="width:57px">\r\n			<p style="margin-left:3.3pt">16</p>\r\n			</td>\r\n			<td style="width:57px">\r\n			<p style="margin-left:3.3pt">17</p>\r\n			</td>\r\n			<td style="width:57px">\r\n			<p style="margin-left:3.3pt">18</p>\r\n			</td>\r\n			<td style="width:57px">\r\n			<p style="margin-left:3.3pt">19</p>\r\n			</td>\r\n		</tr>\r\n	</tbody>\r\n</table>\r\n\r\n<p style="margin-left:7.1pt">Bài 16.&nbsp;Tạo bảng số vuông nxn theo dạng sau:</p>\r\n\r\n<table border="1" cellpadding="0" cellspacing="0">\r\n	<tbody>\r\n		<tr>\r\n			<td style="width:41px">\r\n			<p style="margin-left:3.3pt">1</p>\r\n			</td>\r\n			<td style="width:41px">\r\n			<p style="margin-left:3.3pt">2</p>\r\n			</td>\r\n			<td style="width:41px">\r\n			<p style="margin-left:3.3pt">3</p>\r\n			</td>\r\n			<td style="width:41px">\r\n			<p style="margin-left:3.3pt">4</p>\r\n			</td>\r\n			<td style="width:41px">&nbsp;</td>\r\n			<td style="width:41px">&nbsp;</td>\r\n			<td style="width:41px">&nbsp;</td>\r\n			<td style="width:41px">&nbsp;</td>\r\n			<td style="width:41px">&nbsp;</td>\r\n			<td style="width:41px">&nbsp;</td>\r\n			<td style="width:41px">&nbsp;</td>\r\n			<td style="width:41px">&nbsp;</td>\r\n			<td style="width:41px">&nbsp;</td>\r\n			<td style="width:41px">&nbsp;</td>\r\n		</tr>\r\n		<tr>\r\n			<td style="width:41px">\r\n			<p style="margin-left:3.3pt">8</p>\r\n			</td>\r\n			<td style="width:41px">\r\n			<p style="margin-left:3.3pt">7</p>\r\n			</td>\r\n			<td style="width:41px">\r\n			<p style="margin-left:3.3pt">6</p>\r\n			</td>\r\n			<td style="width:41px">\r\n			<p style="margin-left:3.3pt">5</p>\r\n			</td>\r\n			<td style="width:41px">&nbsp;</td>\r\n			<td style="width:41px">&nbsp;</td>\r\n			<td style="width:41px">&nbsp;</td>\r\n			<td style="width:41px">&nbsp;</td>\r\n			<td style="width:41px">&nbsp;</td>\r\n			<td style="width:41px">&nbsp;</td>\r\n			<td style="width:41px">&nbsp;</td>\r\n			<td style="width:41px">&nbsp;</td>\r\n			<td style="width:41px">&nbsp;</td>\r\n			<td style="width:41px">&nbsp;</td>\r\n		</tr>\r\n		<tr>\r\n			<td style="width:41px">\r\n			<p style="margin-left:3.3pt">9</p>\r\n			</td>\r\n			<td style="width:41px">\r\n			<p style="margin-left:3.3pt">10</p>\r\n			</td>\r\n			<td style="width:41px">\r\n			<p style="margin-left:3.3pt">11</p>\r\n			</td>\r\n			<td style="width:41px">\r\n			<p style="margin-left:3.3pt">12</p>\r\n			</td>\r\n			<td style="width:41px">&nbsp;</td>\r\n			<td style="width:41px">&nbsp;</td>\r\n			<td style="width:41px">&nbsp;</td>\r\n			<td style="width:41px">&nbsp;</td>\r\n			<td style="width:41px">&nbsp;</td>\r\n			<td style="width:41px">&nbsp;</td>\r\n			<td style="width:41px">&nbsp;</td>\r\n			<td style="width:41px">&nbsp;</td>\r\n			<td style="width:41px">&nbsp;</td>\r\n			<td style="width:41px">&nbsp;</td>\r\n		</tr>\r\n		<tr>\r\n			<td style="width:41px">\r\n			<p style="margin-left:3.3pt">16</p>\r\n			</td>\r\n			<td style="width:41px">\r\n			<p style="margin-left:3.3pt">15</p>\r\n			</td>\r\n			<td style="width:41px">\r\n			<p style="margin-left:3.3pt">14</p>\r\n			</td>\r\n			<td style="width:41px">\r\n			<p style="margin-left:3.3pt">13</p>\r\n			</td>\r\n			<td style="width:41px">&nbsp;</td>\r\n			<td style="width:41px">&nbsp;</td>\r\n			<td style="width:41px">&nbsp;</td>\r\n			<td style="width:41px">&nbsp;</td>\r\n			<td style="width:41px">&nbsp;</td>\r\n			<td style="width:41px">&nbsp;</td>\r\n			<td style="width:41px">&nbsp;</td>\r\n			<td style="width:41px">&nbsp;</td>\r\n			<td style="width:41px">&nbsp;</td>\r\n			<td style="width:41px">&nbsp;</td>\r\n		</tr>\r\n	</tbody>\r\n</table>\r\n\r\n<p style="margin-left:7.1pt">&nbsp;</p>\r\n\r\n<table border="1" cellpadding="0" cellspacing="0">\r\n	<tbody>\r\n		<tr>\r\n			<td style="width:41px">&nbsp;</td>\r\n			<td style="width:41px">&nbsp;</td>\r\n			<td style="width:41px">&nbsp;</td>\r\n			<td style="width:41px">&nbsp;</td>\r\n			<td style="width:41px">&nbsp;</td>\r\n			<td style="width:41px">\r\n			<p style="margin-left:3.3pt">1</p>\r\n			</td>\r\n			<td style="width:41px">\r\n			<p style="margin-left:3.3pt">3</p>\r\n			</td>\r\n			<td style="width:41px">\r\n			<p style="margin-left:3.3pt">6</p>\r\n			</td>\r\n			<td style="width:41px">\r\n			<p style="margin-left:3.3pt">10</p>\r\n			</td>\r\n			<td style="width:41px">&nbsp;</td>\r\n			<td style="width:41px">&nbsp;</td>\r\n			<td style="width:41px">&nbsp;</td>\r\n			<td style="width:41px">&nbsp;</td>\r\n			<td style="width:41px">&nbsp;</td>\r\n		</tr>\r\n		<tr>\r\n			<td style="width:41px">&nbsp;</td>\r\n			<td style="width:41px">&nbsp;</td>\r\n			<td style="width:41px">&nbsp;</td>\r\n			<td style="width:41px">&nbsp;</td>\r\n			<td style="width:41px">&nbsp;</td>\r\n			<td style="width:41px">\r\n			<p style="margin-left:3.3pt">2</p>\r\n			</td>\r\n			<td style="width:41px">\r\n			<p style="margin-left:3.3pt">5</p>\r\n			</td>\r\n			<td style="width:41px">\r\n			<p style="margin-left:3.3pt">9</p>\r\n			</td>\r\n			<td style="width:41px">\r\n			<p style="margin-left:3.3pt">13</p>\r\n			</td>\r\n			<td style="width:41px">&nbsp;</td>\r\n			<td style="width:41px">&nbsp;</td>\r\n			<td style="width:41px">&nbsp;</td>\r\n			<td style="width:41px">&nbsp;</td>\r\n			<td style="width:41px">&nbsp;</td>\r\n		</tr>\r\n		<tr>\r\n			<td style="width:41px">&nbsp;</td>\r\n			<td style="width:41px">&nbsp;</td>\r\n			<td style="width:41px">&nbsp;</td>\r\n			<td style="width:41px">&nbsp;</td>\r\n			<td style="width:41px">&nbsp;</td>\r\n			<td style="width:41px">\r\n			<p style="margin-left:3.3pt">4</p>\r\n			</td>\r\n			<td style="width:41px">\r\n			<p style="margin-left:3.3pt">8</p>\r\n			</td>\r\n			<td style="width:41px">\r\n			<p style="margin-left:3.3pt">12</p>\r\n			</td>\r\n			<td style="width:41px">\r\n			<p style="margin-left:3.3pt">15</p>\r\n			</td>\r\n			<td style="width:41px">&nbsp;</td>\r\n			<td style="width:41px">&nbsp;</td>\r\n			<td style="width:41px">&nbsp;</td>\r\n			<td style="width:41px">&nbsp;</td>\r\n			<td style="width:41px">&nbsp;</td>\r\n		</tr>\r\n		<tr>\r\n			<td style="width:41px">&nbsp;</td>\r\n			<td style="width:41px">&nbsp;</td>\r\n			<td style="width:41px">&nbsp;</td>\r\n			<td style="width:41px">&nbsp;</td>\r\n			<td style="width:41px">&nbsp;</td>\r\n			<td style="width:41px">\r\n			<p style="margin-left:3.3pt">7</p>\r\n			</td>\r\n			<td style="width:41px">\r\n			<p style="margin-left:3.3pt">11</p>\r\n			</td>\r\n			<td style="width:41px">\r\n			<p style="margin-left:3.3pt">14</p>\r\n			</td>\r\n			<td style="width:41px">\r\n			<p style="margin-left:3.3pt">16</p>\r\n			</td>\r\n			<td style="width:41px">&nbsp;</td>\r\n			<td style="width:41px">&nbsp;</td>\r\n			<td style="width:41px">&nbsp;</td>\r\n			<td style="width:41px">&nbsp;</td>\r\n			<td style="width:41px">&nbsp;</td>\r\n		</tr>\r\n	</tbody>\r\n</table>\r\n\r\n<p style="margin-left:7.1pt">&nbsp;</p>\r\n\r\n<table border="1" cellpadding="0" cellspacing="0">\r\n	<tbody>\r\n		<tr>\r\n			<td style="width:41px">&nbsp;</td>\r\n			<td style="width:41px">&nbsp;</td>\r\n			<td style="width:41px">&nbsp;</td>\r\n			<td style="width:41px">&nbsp;</td>\r\n			<td style="width:41px">&nbsp;</td>\r\n			<td style="width:41px">&nbsp;</td>\r\n			<td style="width:41px">&nbsp;</td>\r\n			<td style="width:41px">&nbsp;</td>\r\n			<td style="width:41px">&nbsp;</td>\r\n			<td style="width:41px">&nbsp;</td>\r\n			<td style="width:41px">\r\n			<p style="margin-left:3.3pt">1</p>\r\n			</td>\r\n			<td style="width:41px">\r\n			<p style="margin-left:3.3pt">2</p>\r\n			</td>\r\n			<td style="width:41px">\r\n			<p style="margin-left:3.3pt">3</p>\r\n			</td>\r\n			<td style="width:41px">\r\n			<p style="margin-left:3.3pt">4</p>\r\n			</td>\r\n		</tr>\r\n		<tr>\r\n			<td style="width:41px">&nbsp;</td>\r\n			<td style="width:41px">&nbsp;</td>\r\n			<td style="width:41px">&nbsp;</td>\r\n			<td style="width:41px">&nbsp;</td>\r\n			<td style="width:41px">&nbsp;</td>\r\n			<td style="width:41px">&nbsp;</td>\r\n			<td style="width:41px">&nbsp;</td>\r\n			<td style="width:41px">&nbsp;</td>\r\n			<td style="width:41px">&nbsp;</td>\r\n			<td style="width:41px">&nbsp;</td>\r\n			<td style="width:41px">\r\n			<p style="margin-left:3.3pt">12</p>\r\n			</td>\r\n			<td style="width:41px">\r\n			<p style="margin-left:3.3pt">13</p>\r\n			</td>\r\n			<td style="width:41px">\r\n			<p style="margin-left:3.3pt">14</p>\r\n			</td>\r\n			<td style="width:41px">\r\n			<p style="margin-left:3.3pt">5</p>\r\n			</td>\r\n		</tr>\r\n		<tr>\r\n			<td style="width:41px">&nbsp;</td>\r\n			<td style="width:41px">&nbsp;</td>\r\n			<td style="width:41px">&nbsp;</td>\r\n			<td style="width:41px">&nbsp;</td>\r\n			<td style="width:41px">&nbsp;</td>\r\n			<td style="width:41px">&nbsp;</td>\r\n			<td style="width:41px">&nbsp;</td>\r\n			<td style="width:41px">&nbsp;</td>\r\n			<td style="width:41px">&nbsp;</td>\r\n			<td style="width:41px">&nbsp;</td>\r\n			<td style="width:41px">\r\n			<p style="margin-left:3.3pt">11</p>\r\n			</td>\r\n			<td style="width:41px">\r\n			<p style="margin-left:3.3pt">16</p>\r\n			</td>\r\n			<td style="width:41px">\r\n			<p style="margin-left:3.3pt">15</p>\r\n			</td>\r\n			<td style="width:41px">\r\n			<p style="margin-left:3.3pt">6</p>\r\n			</td>\r\n		</tr>\r\n		<tr>\r\n			<td style="width:41px">&nbsp;</td>\r\n			<td style="width:41px">&nbsp;</td>\r\n			<td style="width:41px">&nbsp;</td>\r\n			<td style="width:41px">&nbsp;</td>\r\n			<td style="width:41px">&nbsp;</td>\r\n			<td style="width:41px">&nbsp;</td>\r\n			<td style="width:41px">&nbsp;</td>\r\n			<td style="width:41px">&nbsp;</td>\r\n			<td style="width:41px">&nbsp;</td>\r\n			<td style="width:41px">&nbsp;</td>\r\n			<td style="width:41px">\r\n			<p style="margin-left:3.3pt">10</p>\r\n			</td>\r\n			<td style="width:41px">\r\n			<p style="margin-left:3.3pt">9</p>\r\n			</td>\r\n			<td style="width:41px">\r\n			<p style="margin-left:3.3pt">8</p>\r\n			</td>\r\n			<td style="width:41px">\r\n			<p style="margin-left:3.3pt">7</p>\r\n			</td>\r\n		</tr>\r\n	</tbody>\r\n</table>\r\n\r\n<p style="margin-left:7.1pt">Bài 17.Tính các số Fibonacci:</p>\r\n\r\n<p style="margin-left:2.0cm">F1=F2&nbsp;= 1</p>\r\n\r\n<p style="margin-left:2.0cm">Fn&nbsp;= Fn-1&nbsp;+ Fn-2</p>\r\n\r\n<p style="margin-left:7.1pt">Bài 18.Viết chương trình tìm số đảo của một số nguyên dương . Ví dụ: - Số = 12345</p>\r\n\r\n<p style="margin-left:3.3pt">Số đảo = 54321</p>\r\n\r\n<p style="margin-left:7.1pt">Bài 19.Hãy viết chương trình nhập giá trị cho ma trận vuông cấp n.</p>\r\n\r\n<p style="margin-left:7.1pt">Bài 20.Tính tổng các phần tử nằm trên đường chéo chính</p>\r\n\r\n<p style="margin-left:7.1pt">Bài 21.Tính tổng bình phương các số nằm trên hàng chẵn.</p>\r\n\r\n<p style="margin-left:7.1pt">Bài 22.Tính tổng căn bậc hai các số không âm trên cột lẻ.</p>\r\n\r\n<p style="margin-left:7.1pt">Bài 23.Đếm số phần tử có giá trị trong khoảng [1..5].</p>\r\n\r\n<p style="margin-left:7.1pt">Bài 24.Viết chương trình nhập vào một ma trận, tính tổng bình phương của các số âm trong ma trận trên.</p>\r\n\r\n<p style="margin-left:7.1pt">Bài 25.Viết chương trình nhập vào một ma trận. In ma trận chuyển vị của nó ra màn hình. Ma trận B là ma trận chuyển vị của ma trận A nếu các phần tử của chúng có quan hệ B[i, j] = A[j, i].</p>\r\n\r\n<p style="margin-left:7.1pt">Bài 26.Viết chương trình nhập vào một dãy số nguyên có n phần tử. In ra màn hình phần tử nhỏ nhất, phần tử lớn nhất và giá trị trung bình của danh sách ra màn hình;</p>\r\n\r\n<p style="margin-left:7.1pt">Bài 27.Viết chương trình nhập vào một dãy số nguyên có n phần tử.</p>\r\n\r\n<ul>\r\n	<li>Đưa những phần tử lẻ ra đầu danh sách, những phần tử chẵn về cuối danh sách và in kết quả ra màn hình.</li>\r\n	<li>Sắp xếp các phần tử lẻ đầu danh sách theo thứ tứ tăng dần, sắp xếp các phần tử chẵn cuối danh sách theo thứ tự giảm dần. In danh sách ra màn hình.</li>\r\n</ul>\r\n\r\n<p style="margin-left:7.1pt">Bài 28.Chuyển 1 số từ hệ thập phân sang nhị phân.</p>\r\n\r\n<p style="margin-left:7.1pt">Bài 29.Chuyển 1 số từ hệ thập phân sang bát phân.</p>\r\n\r\n<p style="margin-left:7.1pt">Bài 30.Viết chương trình nhập vào một chuỗi kí tự, sau đó nhập vào một kí tự bất kì và đếm số lần của nó trong chuỗi đã nhập.</p>\r\n\r\n<p style="margin-left:7.1pt">Bài 31.Viết chương trình nhập vào một chuỗi ký tự, Kiểm tra xem nó có đối xứng hay không (Ví dụ: Chuỗi đối xứng RADAR, MADAM).</p>\r\n\r\n<p style="margin-left:7.1pt">Bài 32.Viết chương trình nhập vào họ tên của một người. Sau đó in chuỗi họ tên ra màn hình với các ký tự đầu đổi thành chữ hoa, toàn bộ chuỗi họ và tên đổi thành chữ hoa.</p>\r\n\r\n<p style="margin-left:7.1pt">Bài 33.Viết chương trình nhập vào một chuỗi ký tự . Sau đó in chuỗi ra màn hình với các ký tự đầu đổi thành chữ thường, các ký tự cuối của từ trong chuỗi sang chữ hoa.</p>\r\n\r\n<p style="margin-left:7.1pt">Bài 34.Viết chương trình nhập vào một dãy số nguyên có n phần tử. Sắp xếp dãy theo thứ tự tăng dần và in kết quả ra màn hình.</p>\r\n\r\n<p style="margin-left:3.3pt">Nhập vào một số x bất kì, đếm số lần xuất hiện của nó trong dãy trên. c. In ra màn hình số phần tử nhỏ hơn hoặc bằng x.</p>\r\n\r\n<p style="margin-left:3.3pt">In ra màn hình số phần tử lớn hơn x.</p>\r\n\r\n<p style="margin-left:7.1pt">Bài 35.Viết chương trình nhập vào một dãy số nguyên có n phần tử . Sắp xếp dãy số theo</p>\r\n\r\n<p style="margin-left:3.3pt">thứ tự giảm dần &amp; tính giá trị trung bình của dãy.</p>\r\n\r\n<p style="margin-left:7.1pt">Bài 36.Viết chương trình nhập vào một ma trận vuông cấp n. a. In ra trong các phần tử trên đường chéo chính.</p>\r\n\r\n<p style="margin-left:7.1pt">Bài 37.In ra màn hình trong các phần tử trên đường chéo phụ.</p>\r\n\r\n<p style="margin-left:7.1pt">Bài 38.Viết chương trình nhập vào một ma trận vuông cấp n. Kiểm tra xem ma trận có đối xứng hay không ?</p>\r\n\r\n<p style="margin-left:7.1pt">Bài 39.Viết chương trình nhập vào một ma trận vuông cấp n. a. Tính tổng của 2 ma trận.</p>\r\n\r\n<p style="margin-left:3.3pt">Tính tích của 2 ma trận.</p>\r\n\r\n<p style="margin-left:7.1pt">Bài 40.Đếm số từ trong một chuỗi.</p>\r\n\r\n<p style="margin-left:7.1pt">Bài 41.Trộn hai mảng đã được sắp xếp theo thứ tự tăng dần lại thành một mảng mới mà vẫn đảm bảo thứ tự của nó.</p>\r\n\r\n<p style="margin-left:7.1pt">Bài 42.Viết chương trình nhập vào một danh sách sinh viên có n người ( mỗi sinh viên có họ, tên, tuổi, quê quán). In danh sách sinh viên ra màn hình. Sắp xếp danh sách sinh viên theo tuổi và in danh sách sau khi sắp xếp ra màn hình.</p>\r\n\r\n<p style="margin-left:7.1pt">Bài 43.Viết chương trình nhập vào một file số nguyên. In file số nguyên này ra màn hình.</p>\r\n\r\n<p style="margin-left:7.1pt">Bài 44.Mở một file số nguyên đã có trên đĩa, sao chép nội dung của nó sang một tập tin mới và in nội dung của tập tin sau khi sao chép ra màn hình.</p>\r\n\r\n<p style="margin-left:7.1pt">Bài 45.Viết chương trình tạo ra một file F3 chứa các số nguyên bằng cách nối hai file số nguyên F1 và F2 đã có trên đĩa. In nội dung của cả 3 tập tin trên ra màn hình.</p>\r\n', 1, '2014-11-23 07:08:40'),
(5, 'hsg5', 'Đề thi chọn đội tuyển 2014 - Bình Định', '<p>Bài 1: cho n mặt hàng (0&lt;n&lt;1000) và m người mua (0&lt;m&lt;100000), cho thông tin mặt hàng từng người mua. In ra các mặt hàng cả m người đều mua.</p>\r\n\r\n<p>Input: dòng đầu là n,m<br />\r\nm dòng tiếp theo, dòng thứ i chứa thông tin mua hàng của người thứ i</p>\r\n\r\n<p>Output: dòng đầu là k:số hàng cả m người đều mua<br />\r\nDòng tiếp theo in k số là các mặt hàng đó.</p>\r\n\r\n<p>Ví dụ:</p>\r\n\r\n<p>Input:</p>\r\n\r\n<p>5 7<br />\r\n1 2 3 5<br />\r\n2 3 4<br />\r\n1 3 2 5<br />\r\n2 3<br />\r\n1 2 3 4 5<br />\r\n4 5 2 3<br />\r\n3 4 2</p>\r\n\r\n<p>Output</p>\r\n\r\n<p>2<br />\r\n2 3</p>\r\n\r\n<p>Bài 2: tìm xâu con chung dài nhất của 3 xâu s1,s2,s3 có độ dài &lt;=255</p>\r\n\r\n<p>Ví dụ:</p>\r\n\r\n<p>Input:</p>\r\n\r\n<p>abcdefgh123456789<br />\r\nxxbcyygh3zz489tt<br />\r\n11b22cg33h34448955</p>\r\n\r\n<p>Output</p>\r\n\r\n<p>8<br />\r\nbcgh3489</p>\r\n\r\n<p>Bài 3: cho tấm sắt kích thước MxN, người ta vẽ 1 hình trên tấm sắt và cần cắt hình đó ra. Biểu diễn tấm sắt thành ma trận mxn với ô thuộc hình cần cắt biểu thị bằng số 1 ô không thuộc biểu thị bằng số 0. Biên cần cắt là dãy các số 0 kề nhau và bao hình cần cắt. Tìm biên của hình cần cắt sao cho số ô của biên là ít nhất.</p>\r\n\r\n<p>Input: dòng đầu m và n<br />\r\nm dòng tiếp theo mỗi dòng là n số, mỗi số là 0 hoặc 1.</p>\r\n\r\n<p>Output: dòng đầu là k:số ô biên tìm được<br />\r\nK dòng tiếp ghi tọa độ các ô</p>\r\n\r\n<p>Ví dụ:</p>\r\n\r\n<p>5 10<br />\r\n0 0 0 0 0 0 0 0 0 0<br />\r\n0 1 1 1 1 0 0 0 0 0<br />\r\n0 0 1 1 1 1 0 0 0 0<br />\r\n0 1 1 1 1 0 0 0 0 0<br />\r\n0 0 0 0 0 0 0 0 0 0</p>\r\n\r\n<p>Output:</p>\r\n\r\n<p>14<br />\r\n1 2<br />\r\n1 3<br />\r\n1 4<br />\r\n1 5<br />\r\n2 6<br />\r\n3 7<br />\r\n4 6<br />\r\n5 5<br />\r\n5 4<br />\r\n5 3<br />\r\n5 2<br />\r\n4 1<br />\r\n3 2<br />\r\n2 1</p>\r\n', 1, '2014-11-24 16:16:14');

-- --------------------------------------------------------

--
-- Table structure for table `th_nopbai`
--

CREATE TABLE IF NOT EXISTS `th_nopbai` (
  `id` int(11) unsigned NOT NULL AUTO_INCREMENT,
  `hoten` varchar(50) COLLATE utf8_unicode_ci NOT NULL,
  `lop` varchar(5) CHARACTER SET latin1 COLLATE latin1_bin NOT NULL,
  `ngaygio` datetime NOT NULL,
  `ip` varchar(15) COLLATE utf8_unicode_ci NOT NULL DEFAULT '0.0.0.0',
  `file` varchar(100) COLLATE utf8_unicode_ci NOT NULL,
  `baitap` int(10) NOT NULL DEFAULT '0',
  PRIMARY KEY (`id`)
) ENGINE=MyISAM  DEFAULT CHARSET=utf8 COLLATE=utf8_unicode_ci AUTO_INCREMENT=11 ;

--
-- Dumping data for table `th_nopbai`
--

INSERT INTO `th_nopbai` (`id`, `hoten`, `lop`, `ngaygio`, `ip`, `file`, `baitap`) VALUES
(1, 'Trần Hữu Nam', '11A0', '2014-11-12 15:07:24', '127.0.0.1', 'dulieu.txt', 1),
(2, '', '', '2014-11-23 07:57:29', '192.168.1.15', 'dfj.pas', 4),
(3, 'nguyễn võ nhân', '10a1', '2014-11-23 08:18:22', '192.168.1.230', 'NHAN_BT1.PAS', 4),
(4, '', '', '2014-11-23 08:23:04', '192.168.1.9', 'KHANHVY.PAS', 4),
(5, 'Trần Đình Hiếu', '10a3', '2014-11-23 08:23:53', '192.168.1.15', 'DINHHIEU.PAS', 4),
(6, 'vo khanhvy', '10a1', '2014-11-23 09:18:10', '192.168.1.9', '1_KHANHVY.PAS', 4),
(7, 'Nguyen Huu Tu', '11a2', '2014-11-24 16:18:11', '192.168.1.119', 'bai_thi_04.pas', 5),
(8, 'Nguyen Huu Tu', '11a2', '2014-11-24 16:26:13', '192.168.1.119', '1_bai_thi_04.pas', 5),
(9, 'Nguyen Huu Tu', '11a2', '2014-11-24 16:27:05', '192.168.1.119', '2_bai_thi_04.pas', 5),
(10, 'Ngô Văn Ri', '11a1', '2014-11-24 16:36:44', '192.168.1.7', 'Day con chung dai nhat cua ba day.PAS', 5);

-- --------------------------------------------------------

--
-- Table structure for table `tn_cauhoi`
--

CREATE TABLE IF NOT EXISTS `tn_cauhoi` (
  `maso` int(11) unsigned NOT NULL AUTO_INCREMENT,
  `lop` tinyint(2) DEFAULT '10' COMMENT 'Khối lớp',
  `chuong` tinyint(1) DEFAULT '0' COMMENT 'Chương mấy',
  `bai` tinyint(1) DEFAULT '0' COMMENT 'Bài mấy',
  `dokho` tinyint(1) NOT NULL DEFAULT '1' COMMENT 'Độ khó 1 2 3 4 5',
  `kieu` tinyint(1) NOT NULL DEFAULT '1' COMMENT 'Kiểu 1 = trắc nghiệm',
  `noidung` varchar(250) NOT NULL,
  `kichhoat` tinyint(1) NOT NULL DEFAULT '1' COMMENT 'Sử dụng hay không',
  `ngaylam` timestamp NOT NULL DEFAULT CURRENT_TIMESTAMP ON UPDATE CURRENT_TIMESTAMP,
  PRIMARY KEY (`maso`)
) ENGINE=InnoDB  DEFAULT CHARSET=utf8 COMMENT='Các câu hỏi trắc nghiệm' AUTO_INCREMENT=135 ;

--
-- Dumping data for table `tn_cauhoi`
--

INSERT INTO `tn_cauhoi` (`maso`, `lop`, `chuong`, `bai`, `dokho`, `kieu`, `noidung`, `kichhoat`, `ngaylam`) VALUES
(1, 11, 4, 12, 2, 1, 'Phần tử của xâu là gì ?', 1, '2014-11-11 13:43:01'),
(2, 11, 4, 12, 1, 1, 'Số lượng kí tự trong xâu được gọi là gì của xâu?', 1, '2014-11-11 13:01:24'),
(3, 11, 4, 12, 1, 1, 'Số lượng kí tự tối thiểu của xâu là bao nhiêu?', 1, '2014-11-11 13:05:20'),
(4, 11, 4, 11, 1, 1, 'Từ khoá để khai báo mảng là gì?', 1, '2014-11-11 16:22:36'),
(5, 11, 4, 12, 2, 1, 'Xâu rỗng là xâu ...', 1, '2014-11-12 00:08:59'),
(6, 11, 4, 11, 1, 1, 'Với khai báo mảng như sau thì mảng A có bao nhiêu phần tử?<br/>\r\nVar A : Array[2..4] of real;', 1, '2014-11-12 12:43:19'),
(7, 11, 4, 11, 3, 1, 'Khai báo mảng X sau chiếm bao nhiêu dung lượng bộ nhớ?<br/>\r\nVar X : Arrray[1..3] of integer;', 1, '2014-11-12 12:45:51'),
(8, 11, 4, 12, 1, 1, 'Tham chiếu đến phần tử đầu tiên của xâu s ...', 1, '2014-11-12 12:51:24'),
(9, 11, 4, 12, 3, 1, 'Cho xâu s:=''01234''; hàm [i]length(s)[/i] sẽ có giá trị bao nhiêu?', 1, '2014-11-30 13:36:17'),
(10, 12, 2, 0, 2, 1, 'Đối tượng nào dùng để hiển thị dữ liệu dưới dạng thuận tiện để xem nhập và sửa dữ liệu?', 1, '2014-11-22 02:29:51'),
(11, 11, 4, 12, 1, 1, 'Tham chiếu đến phần tử thứ 2 của xâu s là ...', 1, '2014-11-23 14:33:21'),
(12, 11, 4, 12, 1, 1, 'Tham chiếu đến phần tử đầu tiên của xâu x là...', 1, '2014-11-23 14:35:48'),
(13, 11, 4, 12, 1, 1, 'Kiểu xâu dùng để làm gì?', 1, '2014-11-23 14:39:58'),
(14, 11, 4, 12, 1, 1, 'Trong trường hợp bình thường, kiểu <b>string</b> chứa tối đa bao nhiêu kí tự?', 1, '2014-11-23 15:32:55'),
(15, 11, 4, 12, 2, 1, 'Trong trường hợp bình thường, kiểu <i>string</i> chứa tối đa bao nhiêu kí tự?', 1, '2014-11-23 15:34:01'),
(16, 11, 4, 12, 1, 1, 'Xâu có phải là mảng không?', 1, '2014-11-30 13:36:44'),
(17, 11, 4, 12, 2, 1, 'Cho hai xâu s1:=''120''; và xâu s2:=''34''; Biểu thức s1+s2 cho kết quả là xâu nào?', 1, '2014-11-23 15:57:14'),
(18, 11, 4, 12, 2, 1, 'Cho hai xâu [code]s1:=''120''; s2:=''34''; [/code] Biểu thức [code]s2+''s1''[/code] cho kết quả là xâu nào?', 1, '2014-12-04 15:36:05'),
(19, 11, 4, 12, 2, 1, 'Xâu nào lớn nhất trong các xâu sau đây', 1, '2014-11-23 16:03:47'),
(20, 11, 4, 12, 2, 1, 'Xâu nào nhỏ nhất trong các xâu sau đây', 1, '2014-11-23 16:06:05'),
(21, 11, 4, 12, 1, 1, 'So sánh 2 xâu ''11A1'' và ''11A10''', 1, '2014-11-23 16:09:36'),
(22, 11, 4, 12, 2, 1, 'Cho xâu [code]z:= ''NGUYEN'';[/code] Sau khi gọi [code]delete(z,1,2);[/code] thì kí tự đầu tiên của xâu z là ...', 1, '2014-11-30 13:50:52'),
(23, 11, 4, 12, 1, 1, 'Cho xâu [code]z:= ''NGUYEN''; [/code] Sau khi gọi [code]delete(z,3,2); [/code] thì biểu thức [code]length(s)[/code] có giá trị là...', 1, '2014-12-03 17:11:09'),
(24, 11, 4, 12, 1, 1, 'Cho xâu [code]s:=''123457'';[/code] hàm [code]length(s)[/code] sẽ có giá trị bao nhiêu?', 1, '2014-11-30 13:52:23'),
(25, 11, 4, 12, 1, 1, 'Cho hai xâu s1:=''12''; và xâu s2:=''340''; Biểu thức s1+s2 cho kết quả là xâu nào?', 1, '2014-11-26 02:03:08'),
(26, 11, 4, 12, 1, 1, 'Cho hai xâu s1:=''12''; và xâu s2:=''340''; Biểu thức s2+s1 cho kết quả là xâu nào?', 1, '2014-11-26 02:03:58'),
(27, 11, 4, 12, 2, 1, 'Cho xâu [code]s1:=''ABC''; s2:=''CBAD'';[/code] Sau khi gọi lệnh [code]insert(s1,s2,3);[/code] thì xâu [code]s1[/code] là ...', 1, '2014-11-30 13:54:06'),
(28, 11, 4, 12, 2, 1, 'Cho xâu [code]s1:=''ABC''; s2:=''CBAD'';[/code] Sau khi gọi lệnh [code]insert(s1,s2,3);[/code] thì xâu [code]s2[/code] là ...', 1, '2014-11-30 13:54:45'),
(29, 11, 4, 12, 1, 1, 'Cho xâu s=''ABACBDB''; hàm pos(''B'',s) sẽ cho kết quả bằng mấy?', 1, '2014-11-26 02:28:43'),
(30, 11, 4, 12, 1, 1, 'Cho xâu s=''ABACBDB''; hàm pos(''BC'',s) sẽ cho kết quả bằng mấy?', 1, '2014-11-26 02:29:04'),
(31, 11, 4, 12, 2, 1, 'Cho xâu s=''ABACBDB''; hàm pos(''BC'',s) sẽ cho kết quả bằng mấy?', 1, '2014-11-26 02:30:58'),
(32, 12, 2, 0, 3, 1, 'Người dùng cuối làm việc thường xuyên với đối tượng nào?', 1, '2014-11-28 00:13:22'),
(33, 12, 2, 0, 1, 1, '[img]doituongaccess.png[/img][br]\r\nĐối tượng nào chứa dữ liệu?', 1, '2014-11-28 05:27:30'),
(34, 12, 2, 0, 1, 1, 'Muốn làm việc với bảng, ta chọn đối tượng nào [br]\r\n[img]doituongaccess.png[/img]', 1, '2014-11-28 05:27:19'),
(35, 12, 2, 0, 1, 1, 'Muốn làm việc với biểu mẫu, ta chọn đối tượng nào[br]\r\n[img]doituongaccess.png[/img]', 1, '2014-11-28 05:27:05'),
(36, 12, 2, 0, 1, 1, 'Muốn làm việc với mẫu hỏi, ta chọn đối tượng nào[br]\r\n[img]doituongaccess.png[/img]', 1, '2014-11-28 05:26:52'),
(37, 12, 2, 0, 1, 1, 'Muốn làm việc với báo cáo, ta chọn đối tượng nào[br]\r\n[img]doituongaccess.png[/img]', 1, '2014-11-28 05:26:38'),
(38, 12, 2, 5, 1, 1, 'Trong tình huống nào thì xuất hiện hộp thoại sau:[br][img]delrec.png[/img]', 1, '2014-11-28 05:26:26'),
(39, 12, 2, 5, 1, 1, 'Trong tình huống nào thì xuất hiện hộp thoại sau:[br]\r\n[img]delrec.png[/img]', 1, '2014-11-28 02:09:15'),
(40, 12, 2, 5, 1, 1, 'Nháy nút nào để sắp xếp tăng dần?', 1, '2014-11-28 02:20:45'),
(43, 12, 2, 5, 1, 1, 'Nháy nút nào để sắp xếp giảm dần?', 1, '2014-11-28 04:50:28'),
(46, 12, 2, 5, 1, 1, 'Nháy nút nào để sắp xếp một cột nào đó theo thứ tự lớn trước nhỏ sau?', 1, '2014-11-28 05:18:27'),
(47, 12, 2, 5, 1, 1, 'Nháy nút nào để sắp xếp một cột nào đó từ nhỏ đến lớn?', 1, '2014-11-28 05:17:19'),
(48, 12, 2, 5, 1, 1, 'Trong tình huống nào thì xuất hiện hộp thoại sau:[br][img]delrecs.png[/img]', 1, '2014-11-28 05:26:12'),
(49, 12, 2, 5, 1, 1, 'Trong tình huống nào thì xuất hiện hộp thoại sau:[br]\r\n[img]delrecs.png[/img]', 1, '2014-11-28 05:29:13'),
(50, 12, 2, 3, 1, 1, 'Tệp CSDL của Microsoft Access 2003 có phần mở rộng ngầm định là gì?', 1, '2014-11-28 15:07:38'),
(51, 12, 2, 3, 1, 1, 'Microsoft Access có mấy đối tượng chính (đã được học)?', 1, '2014-11-28 15:10:41'),
(52, 12, 2, 3, 1, 1, 'Chế độ thiết kế (Design View) dùng để làm gì?', 1, '2014-11-28 15:17:41'),
(53, 12, 2, 3, 1, 1, 'Chế độ trang dữ liệu (Datasheet View) dùng để làm gì?', 1, '2014-11-28 15:16:34'),
(54, 12, 2, 3, 2, 1, 'Thuật sĩ là chương trình hướng dẫn ________ giúp tạo được các đối tượng của CSDL từ các mẫu dựng sẵn một cách nhanh chóng.', 1, '2014-11-28 16:33:13'),
(55, 12, 2, 3, 2, 1, 'Thuật sĩ là chương trình hướng dẫn từng bước giúp tạo được các đối tượng của CSDL từ các mẫu dựng sẵn một cách ________.', 1, '2014-11-28 16:32:46'),
(56, 12, 2, 3, 2, 1, 'Thuật sĩ là ________ hướng dẫn từng bước giúp tạo được các đối tượng của CSDL từ các mẫu dựng sẵn một cách nhanh chóng.', 1, '2014-11-28 16:34:41'),
(57, 12, 2, 3, 1, 1, 'Trong các bài thực hành, ta dùng chức năng nào sau đây để tạo bảng?', 1, '2014-11-28 15:30:15'),
(58, 12, 2, 3, 1, 1, 'Trong các bài thực hành, ta không dùng chức năng nào sau đây để tạo bảng?', 1, '2014-11-28 15:32:42'),
(59, 12, 2, 4, 1, 1, 'Mỗi [b]trường[/b] là một ________ của bảng.', 1, '2014-11-28 16:35:32'),
(60, 12, 2, 4, 1, 1, 'Mỗi [b]bản ghi[/b] là một ________ của bảng.', 1, '2014-11-28 16:35:59'),
(61, 12, 2, 4, 1, 1, 'Thông tin về [i]lớp học[/i] của một học sinh (để trả lời cho câu hỏi [i]học lớp nào?[/i]) có kiểu dữ liệu là', 1, '2014-11-28 16:36:38'),
(62, 12, 2, 4, 1, 1, 'Cột [b]sodienthoai[/b] [i](số điện thoại)[/i] có kiểu dữ liệu là...', 1, '2014-11-28 16:37:14'),
(63, 12, 2, 4, 1, 1, 'Cột [b]ngaysinh[/b] [i](ngày sinh)[/i] có kiểu dữ liệu là...', 1, '2014-11-28 16:37:46'),
(64, 12, 2, 4, 1, 1, 'Các cột [b]doanvien[/b] [i](đoàn viên)[/i], [b]hongheo[/b] [i](hộ nghèo)[/i],... có kiểu dữ liệu là', 1, '2014-11-28 16:38:55'),
(65, 12, 2, 4, 1, 1, 'Cấu trúc bảng bao gồm...', 1, '2014-11-28 15:54:15'),
(66, 12, 2, 4, 2, 1, 'Cột [b]hoten[/b] (họ tên) phải có kiểu dữ liệu là [b]Text[/b]. Độ dài nào sau đây là phù hợp nhất cho cột [b]hoten[/b]?', 1, '2014-11-28 16:39:35'),
(67, 12, 2, 4, 1, 1, 'Có thể thay đổi vị trí các cột trong bảng được không?', 1, '2014-11-28 16:03:16'),
(68, 12, 2, 4, 1, 1, 'Khoá chính là một hay nhiều trường?', 1, '2014-11-28 16:09:20'),
(69, 12, 2, 4, 2, 1, 'Nhận xét nào đúng về khoá chính?', 1, '2014-11-28 16:17:49'),
(70, 12, 2, 4, 1, 1, 'Nhận xét nào đúng về khoá chính?', 1, '2014-11-28 16:18:28'),
(71, 12, 2, 5, 1, 1, '[b]Cập nhật cơ sở dữ liệu[/b] là ______ dữ liệu trong các bảng', 1, '2014-11-28 16:25:02'),
(72, 12, 2, 5, 1, 1, '[b]Lọc[/b] là một chức năng cho phép tìm ra những bản ghi thoả mãn một số điều kiện nào đó.[br]Vậy các bản ghi không thoả mãn thì sẽ như thế nào?', 1, '2014-11-29 00:52:42'),
(73, 12, 2, 5, 1, 1, '[b]Lọc[/b] là một chức năng cho phép tìm ra những bản ghi thoả mãn một số điều kiện nào đó.[br]Vậy các bản ghi thoả mãn điều kiện đó sẽ như thế nào?', 1, '2014-11-29 00:53:42'),
(74, 12, 2, 5, 1, 1, 'Để huỷ bỏ lọc, ta nháy nút nào?', 1, '2014-11-29 00:59:24'),
(75, 12, 2, 5, 1, 1, 'Để lọc nhanh theo ô dữ liệu đang chọn, ta nháy nút nào?', 1, '2014-11-29 01:01:21'),
(76, 12, 2, 5, 1, 1, 'Để lọc với điều kiện phức tạp, ta nháy nút nào?', 1, '2014-11-29 01:02:38'),
(77, 12, 2, 5, 1, 1, 'Để tìm kiếm học sinh có họ là [b]Trịnh[/b], ta chọn mục nào trong phần [i]Match[/i][br][img]findmatch.png[/img]', 1, '2014-11-29 01:39:50'),
(79, 12, 2, 5, 1, 1, 'Để tìm kiếm học sinh có tên là [b]Trịnh[/b], ta chọn mục nào trong phần [i]Match[/i][br][img]findmatch.png[/img]', 1, '2014-11-29 01:40:43'),
(80, 11, 4, 12, 1, 1, 'Mảng có phải là xâu không?', 1, '2014-11-29 02:17:10'),
(81, 12, 2, 6, 1, 1, 'Cái gì làm [i]dữ liệu nguồn[/i] cho biểu mẫu?', 1, '2014-11-29 04:18:01'),
(82, 12, 2, 9, 1, 1, 'Cái gì làm [i]dữ liệu nguồn[/i] cho [b]báo cáo[/b]?', 1, '2014-11-30 01:04:01'),
(83, 12, 2, 8, 1, 1, 'Cái gì làm [i]dữ liệu nguồn[/i] cho [b]mẫu hỏi[/b]?', 1, '2014-11-30 01:03:45'),
(84, 12, 2, 0, 1, 1, 'Cái gì làm [i]dữ liệu nguồn[/i] cho biểu mẫu, mẫu hỏi và báo cáo ?', 1, '2014-11-29 04:23:43'),
(85, 12, 2, 0, 1, 1, 'Cái gì làm [i]dữ liệu nguồn[/i] cho biểu mẫu, mẫu hỏi và báo cáo ?', 1, '2014-11-29 04:29:47'),
(86, 12, 2, 4, 2, 1, 'Cột [b]lop[/b] [i](lớp)[/i] có kiểu dữ liệu là [b]Text[/b]. Độ dài nào sau đây là phù hợp nhất cho cột [b]lop[/b]?', 1, '2014-11-29 05:01:59'),
(87, 12, 2, 6, 1, 1, 'Trong thực hành tạo biểu mẫu, em làm bằng cách nào?', 1, '2014-11-30 01:06:07'),
(88, 12, 2, 6, 2, 1, 'Mở biểu mẫu bằng chế độ thiết kế, ta [b]không[/b] làm được việc nào sau đây:', 1, '2014-11-30 01:11:29'),
(89, 12, 2, 7, 1, 1, 'Trong CSDL có nhiều bảng, nếu không tạo liên kết giữa các bảng thì ta [i]không thể[/i] làm được việc gì?', 1, '2014-11-30 01:30:49'),
(90, 12, 2, 7, 2, 1, 'Một học sinh tạo liên kết cho các bảng trong CSDL KINH_DOANH như hình sau:[br][img]lienketkdoanh.png[/img][br]Các liên kết (được kí hiệu là (1) và (2)) đó đúng hay sai?', 1, '2014-11-30 02:34:35'),
(91, 12, 2, 7, 2, 1, 'Một học sinh tạo liên kết cho các bảng trong CSDL KINH_DOANH như hình sau:[br][img]lienketkdoanhb.png[/img][br]Các liên kết (được kí hiệu là (1) và (2)) đó đúng hay sai?', 1, '2014-11-30 02:39:36'),
(92, 12, 2, 7, 2, 1, 'Một học sinh tạo liên kết cho các bảng trong CSDL KINH_DOANH như hình sau:[br][img]lienketkdoanhc.png[/img][br]Các liên kết (được kí hiệu là (1) và (2)) đó đúng hay sai?', 1, '2014-11-30 02:58:32'),
(93, 12, 2, 7, 2, 1, 'Một học sinh tạo liên kết cho các bảng trong CSDL KINH_DOANH như hình sau:[br][img]lienketkdoanhd.png[/img][br]Các liên kết (được kí hiệu là (1) và (2)) đó đúng hay sai?', 1, '2014-11-30 03:03:51'),
(94, 12, 2, 7, 1, 1, 'Phát biểu nào đúng về liên kết giữa 2 bảng.', 1, '2014-11-30 03:21:50'),
(95, 12, 2, 7, 1, 1, 'Phát biểu nào đúng về liên kết giữa 2 bảng.', 1, '2014-11-30 03:27:34'),
(96, 12, 2, 8, 1, 1, 'Kết quả thực hiện của mẫu  hỏi đóng vai trò như cái gì?', 1, '2014-11-30 03:33:21'),
(97, 12, 2, 8, 1, 1, 'Để tạo mẫu hỏi lấy danh sách học sinh có điểm toán từ 8.0 trở lên, ta gõ gì vào ô điều kiện ?[br][img]querya.png[/img]', 1, '2014-11-30 03:46:27'),
(98, 12, 2, 8, 1, 1, 'Để tạo mẫu hỏi lấy danh sách học sinh có điểm toán từ 8.0 trở lên, ta gõ gì vào ô điều kiện ?[br][img]queryb.png[/img]', 1, '2014-11-30 03:53:35'),
(99, 12, 2, 8, 1, 1, 'Để tạo mẫu hỏi lấy danh sách học sinh có điểm toán lớn hơn 8.0, ta gõ gì vào ô điều kiện ?[br][img]querya.png[/img]', 1, '2014-11-30 04:55:13'),
(100, 12, 2, 8, 1, 1, 'Để tạo mẫu hỏi lấy danh sách học sinh có điểm lớn hơn 8.0, ta gõ gì vào ô điều kiện ?[br][img]queryb.png[/img]', 1, '2014-11-30 04:56:30'),
(101, 12, 2, 8, 1, 1, 'Thiết kế mẫu hỏi như sau sẽ được kết quả như thế nào ?[br][img]queryc.png[/img]', 1, '2014-11-30 05:07:12'),
(102, 12, 2, 8, 1, 1, 'Thiết kế mẫu hỏi như sau sẽ được kết quả như thế nào ?[br][img]queryd.png[/img]', 1, '2014-11-30 05:10:50'),
(103, 12, 2, 0, 1, 1, 'Hộp thoại sau đây xuất hiện sau khi ta chọn chức năng nào[br][img]datasourcer.png[/img]', 1, '2014-11-30 05:25:07'),
(104, 12, 2, 0, 1, 1, 'Hộp thoại sau đây xuất hiện sau khi ta chọn chức năng nào[br][img]datasourcef.png[/img]', 1, '2014-11-30 05:26:33'),
(105, 12, 2, 9, 1, 1, 'Nếu lựa chọn như hình sau thì báo cáo sẽ được gộp nhóm theo [i]trường[/i] nào ?[br][img]reportgroup.png[/img]', 1, '2014-11-30 05:31:43'),
(106, 12, 2, 9, 1, 1, 'Nếu lựa chọn như hình sau thì báo cáo sẽ được gộp nhóm theo [i]trường[/i] nào ?[br][img]reportgroupb.png[/img]', 1, '2014-11-30 05:32:58'),
(107, 12, 2, 9, 1, 1, 'Nếu lựa chọn như hình sau thì báo cáo sẽ được gộp nhóm theo [i]trường[/i] nào ?[br][img]reportgroupc.png[/img]', 1, '2014-11-30 05:33:39'),
(108, 12, 2, 9, 1, 1, 'Trong báo cáo có gộp nhóm, để hiển thị số bản ghi trong mỗi nhóm, ta sử dụng hàm nào?', 1, '2014-11-30 05:36:17'),
(109, 11, 4, 12, 1, 1, 'Cho xâu s:=''ABCBDA''; và lệnh h:=copy(s,2,3);[br]Xâu s là ________', 1, '2014-11-30 12:46:02'),
(110, 11, 4, 12, 1, 1, 'Cho xâu s:=''ABCBDA''; và lệnh h:=copy(s,2,3);[br]Xâu h là ________', 1, '2014-11-30 12:47:37'),
(111, 11, 4, 12, 1, 1, 'Cho xâu s:=''ABCBDA''; và lệnh h:=copy(s,3,2);[br]Xâu h là ________', 1, '2014-11-30 12:57:18'),
(112, 11, 4, 12, 1, 1, 'Câu lệnh nào chuyển kí tự đầu tiên của xâu s thành chữ hoa?', 1, '2014-11-30 12:59:30'),
(113, 11, 4, 12, 1, 1, 'Câu lệnh nào chuyển kí tự đầu tiên của xâu s thành chữ hoa?', 1, '2014-11-30 13:00:47'),
(114, 11, 4, 12, 1, 1, 'Cho xâu s có nhiều kí tự. Câu lệnh sau làm gì?[br][pre]for i:= length(s) to 1 do write(s[i]);[/pre]', 1, '2014-11-30 13:03:56'),
(115, 11, 4, 12, 1, 1, 'Cho xâu s có nhiều kí tự. Câu lệnh sau làm gì?[br][pre]for i:= length(s) to 1 do write(s[i]);[/pre]', 1, '2014-11-30 13:07:04'),
(116, 11, 4, 12, 1, 1, 'Cho xâu s có nhiều kí tự. Câu lệnh sau làm gì?[br][pre]for i:= length(s) downto 1 do write(s[i]);[/pre]', 1, '2014-11-30 13:08:21'),
(117, 11, 4, 12, 1, 1, 'Cho xâu s có nhiều kí tự. Câu lệnh sau làm gì?[br][pre]for i:= length(s) downto 1 do write(s[i]);[/pre]', 1, '2014-11-30 13:08:53'),
(118, 11, 4, 12, 1, 1, 'Cho xâu s có nhiều kí tự. Câu lệnh sau làm gì?[br][pre]for i:= 1 to length(s) do write(s[i]);[/pre]', 1, '2014-11-30 13:10:04'),
(119, 11, 4, 12, 1, 1, 'Cho xâu s có nhiều kí tự. Câu lệnh sau làm gì?[br][pre]for i:= 1 downto length(s) do write(s[i]);[/pre]', 1, '2014-11-30 13:11:18'),
(120, 11, 4, 12, 1, 1, 'Cho xâu s có nhiều kí tự. Câu lệnh [i]delete(s,length(s),1);[/i] có tác dụng gì?', 1, '2014-11-30 13:13:26'),
(121, 11, 4, 12, 1, 1, 'Cho xâu s có nhiều kí tự. Câu lệnh [i]delete(s,1,length(s));[/i] có tác dụng gì?', 1, '2014-11-30 13:16:42'),
(122, 11, 4, 12, 1, 1, 'Điều kiện nào để kiểm tra xâu s có chứa dấu cách (mã số 32) ?', 1, '2014-11-30 13:19:01'),
(123, 11, 4, 12, 1, 1, 'Cho xâu s chứa nhiều loại kí tự. Câu lệnh sau sẽ làm gì?[pre]\r\nwhile s[1]='' '' do delete(s,1,1);[/pre]', 1, '2014-11-30 13:20:55'),
(124, 11, 4, 12, 1, 1, 'So sánh 2 xâu ''11A9'' và ''11A10''', 1, '2014-11-30 13:38:05'),
(125, 11, 4, 12, 1, 1, 'So sánh 2 xâu ''11A09'' và ''11A10''', 1, '2014-12-04 15:27:15'),
(126, 11, 4, 12, 2, 1, 'Xâu nào nhỏ nhất trong các xâu sau đây', 1, '2014-12-04 15:29:00'),
(127, 11, 4, 12, 2, 1, 'Xâu nào lớn nhất trong các xâu sau đây', 1, '2014-12-04 15:30:45'),
(128, 11, 4, 12, 2, 1, 'Xâu nào nhỏ nhất trong các xâu sau đây', 1, '2014-12-04 15:31:56'),
(129, 11, 4, 12, 2, 1, 'Xâu nào lớn nhất trong các xâu sau đây', 1, '2014-12-04 15:32:31'),
(130, 11, 4, 12, 2, 1, 'Cho hai xâu [code]s1:=''120''; s2:=''34'';[/code] Biểu thức [code]s1+''s2''[/code] cho kết quả là xâu nào?', 1, '2014-12-04 15:34:19'),
(131, 11, 4, 12, 2, 1, 'Cho hai xâu [code]s1:=''120''; s2:=''34''; [/code] Biểu thức [code]s2+s1[/code] cho kết quả là xâu nào?', 1, '2014-12-04 15:39:49'),
(132, 11, 4, 12, 1, 1, 'Điều kiện nào để kiểm tra xâu s không chứa [i]dấu cách[/i] (mã số 32) ?', 1, '2014-12-04 15:41:57'),
(133, 12, 2, 0, 1, 1, '[img]doituongaccess.png[/img][br]\r\nĐối tượng nào chứa dữ liệu?', 1, '2014-12-04 15:47:06'),
(134, 12, 2, 0, 1, 1, '[img]doituongaccess.png[/img][br]\r\nĐối tượng nào chứa dữ liệu?', 1, '2014-12-04 15:47:38');

-- --------------------------------------------------------

--
-- Table structure for table `tn_ketqua`
--

CREATE TABLE IF NOT EXISTS `tn_ketqua` (
  `id` int(11) unsigned NOT NULL AUTO_INCREMENT,
  `bai` int(11) unsigned NOT NULL COMMENT 'Mã bài trắc nghiệm',
  `hoten` varchar(60) NOT NULL,
  `lop` varchar(8) NOT NULL,
  `cauhoi` varchar(250) NOT NULL COMMENT 'Các câu hỏi được chọn',
  `traloi` varchar(250) NOT NULL COMMENT 'Các câu đã trả lời',
  `caudung` tinyint(1) unsigned NOT NULL COMMENT 'Số câu đúng',
  `lucvao` timestamp NOT NULL DEFAULT '0000-00-00 00:00:00' ON UPDATE CURRENT_TIMESTAMP COMMENT 'Lúc đăng nhập',
  `lucdau` timestamp NOT NULL DEFAULT '0000-00-00 00:00:00' COMMENT 'Lúc bắt đầu làm bài',
  `lucnop` timestamp NOT NULL DEFAULT '0000-00-00 00:00:00' COMMENT 'Lúc nộp bài',
  `ip` varchar(15) NOT NULL COMMENT 'Địa chỉ IP',
  PRIMARY KEY (`id`)
) ENGINE=InnoDB  DEFAULT CHARSET=utf8 COMMENT='Kết quả kiểm tra' AUTO_INCREMENT=143 ;

--
-- Dumping data for table `tn_ketqua`
--

INSERT INTO `tn_ketqua` (`id`, `bai`, `hoten`, `lop`, `cauhoi`, `traloi`, `caudung`, `lucvao`, `lucdau`, `lucnop`, `ip`) VALUES
(1, 1, 'Tran Huu Nam', '11', '|1:3,2,1,4,|2:5,7,6,8,|3:9,10,11,12,', '', 0, '2014-11-11 19:24:21', '0000-00-00 00:00:00', '0000-00-00 00:00:00', '127.0.0.1'),
(3, 1, 'Tran Huu Nam', '11', '|2:6,5,7,8,|5:17,19,20,18,|1:1,2,4,3,', '', 3, '2014-11-12 04:38:48', '2014-11-12 04:38:15', '2014-11-12 04:38:48', '127.0.0.1'),
(4, 1, 'Tran Huu Nam', '11', '|3:9,11,10,12,|1:4,1,3,2,|2:6,8,7,5,', '9,1,5', 3, '2014-11-12 04:42:08', '2014-11-12 04:41:17', '2014-11-12 04:42:08', '127.0.0.1'),
(5, 1, 'Tran Huu Nam', '11', '|5:20,19,17,18,|1:3,2,1,4,|2:8,6,5,7,', '20,3,6', 0, '2014-11-12 04:51:47', '2014-11-12 04:50:28', '2014-11-12 04:51:47', '127.0.0.1'),
(6, 1, 'Tran Huu Nam', '11', '|2:5,7,6,8,|5:17,18,20,19,|1:1,2,3,4,', '7,17,3', 1, '2014-11-12 04:57:27', '2014-11-12 04:57:01', '2014-11-12 04:57:27', '127.0.0.1'),
(7, 1, 'Tran Huu Nam', '12', '|3:10,11,9,12,|1:1,3,4,2,|2:5,8,6,7,', '9,1,5', 3, '2014-11-12 08:36:18', '2014-11-12 08:35:52', '2014-11-12 08:36:18', '127.0.0.1'),
(8, 1, 'Tran Huu Nam', '11A0', '|17:65,67,66,64,|21:81,83,82,|11:42,44,41,43,|9:33,34,36,35,|1:3,2,4,1,|19:72,74,75,73,|2:5,7,8,6,|8:31,32,30,29,|3:11,12,10,9,|12:46,45,47,48,', '', 0, '2014-11-23 09:21:06', '0000-00-00 00:00:00', '0000-00-00 00:00:00', '192.168.0.101'),
(9, 1, 'phan thi ngoc diem ', '11a1', '|5:18,19,20,17,|21:82,83,81,|2:5,7,6,8,|16:63,62,61,|17:64,67,66,65,|15:58,59,57,60,|9:33,36,35,34,|14:54,55,53,56,|18:69,70,71,68,|13:51,50,49,52,', '', 0, '2014-11-25 17:41:31', '0000-00-00 00:00:00', '0000-00-00 00:00:00', '192.168.1.43'),
(10, 1, 'Ngô Văn Ri', '11a1', '|17:65,66,67,64,|9:33,35,34,36,|12:46,45,48,47,|2:8,5,6,7,|13:51,50,49,52,|19:72,74,75,73,|11:44,43,41,42,|21:82,83,81,|16:62,61,63,|14:55,56,53,54,', '', 0, '2014-11-25 17:41:31', '0000-00-00 00:00:00', '0000-00-00 00:00:00', '192.168.1.111'),
(11, 1, 'hong thau', '11a1', '|20:77,78,76,80,79,|16:61,62,63,|5:17,18,19,20,|12:45,46,48,47,|2:5,7,8,6,|9:36,33,35,34,|15:58,59,57,60,|11:42,41,44,43,|14:55,56,54,53,|3:9,11,10,12,', '', 0, '2014-11-25 17:41:32', '0000-00-00 00:00:00', '0000-00-00 00:00:00', '192.168.1.108'),
(12, 1, 'Đặng Xuân Hòa', '11a1', '|12:46,45,48,47,|18:71,68,70,69,|9:34,36,33,35,|2:7,8,5,6,|15:58,59,57,60,|5:19,17,18,20,|13:50,49,51,52,|17:65,66,64,67,|19:74,75,72,73,|14:53,56,54,55,', '', 0, '2014-11-25 17:41:39', '0000-00-00 00:00:00', '0000-00-00 00:00:00', '192.168.1.7'),
(13, 1, 'nguyen thi tram', '11a1', '|1:4,2,1,3,|8:29,31,32,30,|14:53,55,56,54,|21:82,81,83,|9:35,34,36,33,|19:75,73,72,74,|20:78,76,79,80,77,|3:10,11,9,12,|16:62,63,61,|2:7,8,5,6,', '', 0, '2014-11-25 17:42:22', '0000-00-00 00:00:00', '0000-00-00 00:00:00', '192.168.1.12'),
(14, 1, 'Tran Huu Nam', '11A0', '|19:72,73,74,75,|11:42,43,44,41,|15:59,57,58,60,|14:55,53,54,56,|13:49,51,50,52,|16:61,63,62,|21:82,83,81,|1:2,3,1,4,|3:11,10,9,12,|17:67,64,66,65,', '', 0, '2014-11-25 17:47:55', '0000-00-00 00:00:00', '0000-00-00 00:00:00', '127.0.0.1'),
(15, 1, 'Tran Huu Nam', '11A0', '|16:63,62,61,|13:50,49,51,52,|9:34,35,36,33,|11:43,44,41,42,|5:20,19,17,18,|2:8,6,7,5,|20:80,78,79,76,77,|19:74,75,72,73,|12:46,45,47,48,|14:56,53,55,54,', '', 0, '2014-11-25 18:17:27', '0000-00-00 00:00:00', '0000-00-00 00:00:00', '127.0.0.1'),
(16, 1, 'Tran Huu Nam', '11A0', '|14:56,54,53,55,|8:32,30,29,31,|12:46,45,47,48,|17:66,65,64,67,|18:71,68,69,70,|9:34,33,36,35,|2:8,5,6,7,|3:11,9,10,12,|11:43,41,44,42,|19:74,72,73,75,', '', 0, '2014-11-25 18:21:08', '0000-00-00 00:00:00', '0000-00-00 00:00:00', '127.0.0.1'),
(17, 1, 'Tran Huu Nam', '11A0', '|21:81,82,83,|8:31,29,32,30,|2:7,6,5,8,|1:2,3,1,4,|13:51,50,49,52,|3:9,11,12,10,|20:80,79,78,76,77,|18:71,69,68,70,|15:57,59,58,60,|9:36,34,35,33,', '', 0, '2014-11-25 18:24:17', '0000-00-00 00:00:00', '0000-00-00 00:00:00', '127.0.0.1'),
(18, 1, 'Tran Huu Nam', '11A13', '|17:67,65,64,66,|13:49,51,50,52,|21:83,82,81,|15:59,57,58,60,|19:75,73,74,72,|5:19,20,17,18,|8:32,30,31,29,|9:36,33,34,35,|16:62,63,61,|1:1,3,2,4,', '', 0, '2014-11-25 18:38:31', '0000-00-00 00:00:00', '0000-00-00 00:00:00', '192.168.1.12'),
(19, 2, 'Tran Huu Nam', '11A0', '|33:134,137,136,135,|32:132,133,130,131,|10:40,39,38,37,129,', '', 0, '2014-11-27 17:21:22', '0000-00-00 00:00:00', '0000-00-00 00:00:00', '127.0.0.1'),
(20, 2, 'Tran Huu Nam', '11A0', '|60:230,232,231,233,|57:219,218,220,221,|61:237,234,235,236,|69:264,265,266,267,|55:211,210,213,209,|43:167,166,168,169,|71:273,274,272,275,|50:191,188,190,189,187,|53:202,201,203,204,|66:256,254,257,255,', '', 0, '2014-11-28 17:06:29', '0000-00-00 00:00:00', '0000-00-00 00:00:00', '127.0.0.1'),
(21, 2, 'Tran Huu Nam', '11A0', '|49:183,184,185,186,|67:259,260,258,|10:40,39,37,38,129,|53:202,201,203,204,|54:205,207,206,208,|34:141,139,140,138,|62:238,241,239,240,|40:163,162,165,164,|51:196,194,192,195,193,|58:224,223,222,225,', '186,258,37,201,205,138,238,163,192,225', 9, '2014-11-29 00:19:19', '0000-00-00 00:00:00', '2014-11-29 00:19:19', '127.0.0.1'),
(22, 2, 'Mỹ Kiều- Vân- Thâu', '11a1', '|67:258,259,260,|70:269,268,271,270,|66:257,254,255,256,|33:135,134,137,136,|61:234,236,235,237,|35:145,143,144,142,|63:244,243,245,242,|38:155,154,156,157,|64:246,247,249,248,|74:286,284,285,287,', '', 0, '2014-11-28 18:56:40', '0000-00-00 00:00:00', '0000-00-00 00:00:00', '192.168.1.108'),
(23, 1, 'Mai Thị Lưu', '11a1', '|2:7,8,6,5,|5:19,20,18,17,|18:70,68,71,69,|15:58,59,57,60,|1:3,2,4,1,|20:76,80,78,77,79,|21:83,81,82,|8:30,29,32,31,|9:34,35,36,33,|16:63,61,62,', '5,17,68,60,1,76,81,29,33,61', 10, '2014-11-29 02:00:38', '0000-00-00 00:00:00', '2014-11-29 02:00:38', '192.168.1.111'),
(24, 1, 'Phan Thị Ngọc Diễm', '11a1', '|11:41,43,44,42,|15:58,57,59,60,|2:6,7,8,5,|20:80,76,78,79,77,|5:18,17,20,19,|1:2,1,4,3,|21:81,82,83,|18:71,70,68,69,|16:61,62,63,|9:33,35,34,36,', '41,60,5,80,17,1,81,68,61,33', 9, '2014-11-29 02:00:57', '0000-00-00 00:00:00', '2014-11-29 02:00:57', '192.168.1.43'),
(25, 1, 'Lê Thị Mỹ Phụng', '11a1', '|2:6,5,8,7,|1:4,1,2,3,|19:73,75,74,72,|15:59,57,58,60,|11:44,41,42,43,|16:62,61,63,|18:68,70,69,71,|5:20,19,18,17,|21:82,81,83,|13:51,50,49,52,', '5,1,72,60,41,61,68,17,81,52', 9, '2014-11-29 02:01:42', '0000-00-00 00:00:00', '2014-11-29 02:01:42', '192.168.1.28'),
(26, 1, 'van thi nhan', '11a1', '|1:2,4,3,1,|12:45,46,48,47,|21:82,83,81,|5:17,20,19,18,|14:55,56,54,53,|2:5,8,7,6,|13:51,50,49,52,|9:35,34,33,36,|19:73,72,75,74,|17:64,67,65,66,', '1,45,81,17,53,5,49,33,72,64', 10, '2014-11-29 02:01:51', '0000-00-00 00:00:00', '2014-11-29 02:01:51', '192.168.1.12'),
(27, 1, 'Mỹ Kiều- Vân- Thâu', '11a1', '|21:81,82,83,|18:68,69,71,70,|5:18,19,17,20,|11:41,43,42,44,|1:3,1,4,2,|14:53,54,55,56,|9:34,36,35,33,|13:49,50,51,52,|16:62,63,61,|20:80,78,76,77,79,', '81,68,17,41,1,53,33,52,61,80', 8, '2014-11-29 02:01:44', '0000-00-00 00:00:00', '2014-11-29 02:01:44', '192.168.1.108'),
(28, 1, 'my- nhung- đoan', '11a1', '|15:59,57,58,60,|20:77,79,80,76,78,|18:70,69,68,71,|5:18,17,19,20,|9:35,36,33,34,|11:44,43,42,41,|1:4,2,1,3,|2:7,8,6,5,|16:62,61,63,|21:82,83,81,', '60,76,68,17,33,41,1,5,61,81', 10, '2014-11-29 02:02:39', '0000-00-00 00:00:00', '2014-11-29 02:02:39', '192.168.1.156'),
(29, 1, 'Lê Thị Ngọc', '11a1', '|19:74,72,75,73,|1:2,3,1,4,|16:62,61,63,|21:83,82,81,|18:70,71,69,68,|3:12,11,9,10,|11:42,43,44,41,|9:33,35,36,34,|14:53,54,56,55,|2:5,6,8,7,', '72,1,61,81,68,11,41,33,53,5', 9, '2014-11-29 02:03:13', '0000-00-00 00:00:00', '2014-11-29 02:03:13', '192.168.1.11'),
(30, 1, 'Nguyễn Thị Bích Nhiên', '11a1', '|17:64,66,65,67,|16:62,63,61,|19:72,75,74,73,|21:81,83,82,|11:43,42,41,44,|1:4,3,1,2,|13:49,50,51,52,|5:19,20,18,17,|15:59,58,57,60,|2:8,6,7,5,', '64,61,72,82,41,1,49,17,60,5', 9, '2014-11-29 02:02:10', '0000-00-00 00:00:00', '2014-11-29 02:02:10', '192.168.1.32'),
(31, 1, 'Lan Vi-Thu Suong- phuong-quyen', '11a1', '|19:73,74,72,75,|15:58,59,57,60,|21:83,81,82,|13:49,51,50,52,|17:66,64,65,67,|12:46,45,47,48,|16:61,62,63,|9:34,33,36,35,|1:1,4,2,3,|2:5,7,8,6,', '72,60,81,52,64,45,61,33,1,5', 9, '2014-11-29 02:03:34', '0000-00-00 00:00:00', '2014-11-29 02:03:34', '192.168.1.230'),
(32, 1, 'Nguyễn Văn Ái', '11a1', '|2:5,8,6,7,|12:45,46,47,48,|18:70,71,68,69,|21:83,81,82,|14:55,53,54,56,|5:18,20,19,17,|9:35,36,34,33,|13:51,49,50,52,|1:2,4,3,1,|19:72,74,73,75,', '5,45,68,81,53,17,33,52,1,72', 9, '2014-11-29 02:02:00', '0000-00-00 00:00:00', '2014-11-29 02:02:00', '192.168.1.116'),
(33, 1, 'Lê Văn Tư', '11a1', '|17:66,67,65,64,|11:42,43,41,44,|9:33,34,35,36,|16:63,62,61,|3:12,11,9,10,|21:82,83,81,|14:55,54,53,56,|2:7,8,5,6,|19:74,72,73,75,|13:50,49,51,52,', '64,41,33,61,9,81,53,5,72,49', 10, '2014-11-29 02:03:28', '0000-00-00 00:00:00', '2014-11-29 02:03:28', '192.168.1.2'),
(34, 1, 'Huỳnh Thị Mỹ Hoà-Võ Thị Thuý Kiều', '11a1', '|5:20,18,19,17,|13:51,50,49,52,|1:3,4,2,1,|17:66,65,64,67,|16:62,61,63,|12:46,45,47,48,|15:59,58,57,60,|20:79,78,76,80,77,|2:7,6,8,5,|21:83,81,82,', '17,49,1,64,61,45,60,76,5,81', 10, '2014-11-29 02:02:37', '0000-00-00 00:00:00', '2014-11-29 02:02:37', '192.168.1.15'),
(35, 1, 'Phạm Nguyễn Tú Uyên', '11a1', '|14:54,56,55,53,|5:17,20,18,19,|11:44,42,43,41,|9:35,33,34,36,|1:3,1,2,4,|20:77,76,78,80,79,|18:71,68,69,70,|13:51,49,50,52,|16:62,61,63,|2:5,8,6,7,', '53,17,41,33,1,80,68,49,63,5', 8, '2014-11-29 02:02:49', '0000-00-00 00:00:00', '2014-11-29 02:02:49', '192.168.1.43'),
(36, 1, 'tran thi tuong vi', '11a1', '|5:17,18,19,20,|16:62,61,63,|20:77,80,78,76,79,|14:56,54,55,53,|2:8,7,5,6,|21:83,82,81,|18:71,69,70,68,|8:29,32,30,31,|1:4,2,1,3,|9:34,36,33,35,', '17,61,76,53,5,81,68,29,1,33', 10, '2014-11-29 02:02:47', '0000-00-00 00:00:00', '2014-11-29 02:02:47', '192.168.1.111'),
(37, 1, 'Nguyễn Tuyết Sương', '11a1', '|1:4,1,2,3,|5:18,17,20,19,|19:75,73,74,72,|15:58,59,57,60,|21:83,81,82,|17:64,66,67,65,|16:61,62,63,|13:49,51,50,52,|11:43,41,42,44,|2:5,6,7,8,', '1,17,75,60,81,64,63,52,41,5', 7, '2014-11-29 02:03:26', '0000-00-00 00:00:00', '2014-11-29 02:03:26', '192.168.1.28'),
(38, 1, 'Ngô Văn Ri', '11a1', '|12:46,45,48,47,|1:2,4,1,3,|16:61,62,63,|5:19,20,17,18,|14:55,53,54,56,|13:50,51,49,52,|21:82,83,81,|9:35,36,33,34,|17:64,67,65,66,|20:78,80,79,77,76,', '45,1,61,17,53,49,81,33,64,76', 10, '2014-11-29 02:03:41', '0000-00-00 00:00:00', '2014-11-29 02:03:41', '192.168.1.39'),
(39, 1, 'Mỹ Kiều- Vân- Thâu', '11a1', '|21:82,81,83,|13:49,50,51,52,|9:35,36,33,34,|15:59,58,57,60,|1:3,1,4,2,|11:41,43,44,42,|16:62,63,61,|5:18,17,20,19,|20:76,77,79,78,80,|17:67,64,65,66,', '81,52,33,59,1,41,63,17,80,64', 6, '2014-11-29 02:03:39', '0000-00-00 00:00:00', '2014-11-29 02:03:39', '192.168.1.108'),
(40, 1, 'Nguyễn Văn Ái', '11a1', '|13:50,49,51,52,|15:59,57,58,60,|5:20,19,18,17,|18:68,71,70,69,|2:8,5,7,6,|21:82,81,83,|12:46,45,48,47,|19:74,72,73,75,|9:33,36,34,35,|1:3,2,1,4,', '49,60,17,68,5,81,45,72,33,1', 10, '2014-11-29 02:03:25', '0000-00-00 00:00:00', '2014-11-29 02:03:25', '192.168.1.116'),
(41, 1, 'nguyen thi tram', '11a1', '|5:17,18,19,20,|2:5,8,7,6,|19:72,74,73,75,|11:42,41,43,44,|21:83,81,82,|1:1,2,3,4,|18:69,70,68,71,|16:61,62,63,|9:33,36,34,35,|15:57,59,58,60,', '17,5,72,41,81,1,69,61,33,60', 9, '2014-11-29 02:03:50', '0000-00-00 00:00:00', '2014-11-29 02:03:50', '192.168.1.12'),
(42, 1, 'tâm- oanh ', '11a1', '|14:56,54,55,53,|17:67,64,65,66,|19:73,75,72,74,|1:4,3,1,2,|9:36,35,33,34,|12:45,46,48,47,|16:63,62,61,|13:50,49,51,52,|5:19,17,18,20,|2:8,7,5,6,', '53,64,75,1,33,45,61,52,17,5', 8, '2014-11-29 02:05:20', '0000-00-00 00:00:00', '2014-11-29 02:05:20', '192.168.1.156'),
(43, 1, 'Dương Thị Hoa', '11a1', '|8:29,30,32,31,|3:9,12,10,11,|15:59,57,58,60,|13:51,50,49,52,|20:79,76,78,77,80,|1:2,1,3,4,|2:8,7,6,5,|17:64,65,67,66,|9:34,36,35,33,|16:63,62,61,', '29,11,60,49,76,1,5,64,33,61', 9, '2014-11-29 02:04:30', '0000-00-00 00:00:00', '2014-11-29 02:04:30', '192.168.1.32'),
(44, 1, 'Nguyễn Trần Thúy Vy', '11a1', '|1:3,4,1,2,|8:29,31,32,30,|20:80,77,79,78,76,|5:20,18,17,19,|16:62,63,61,|18:70,68,71,69,|15:57,58,59,60,|21:83,82,81,|9:33,36,34,35,|13:49,51,50,52,', '1,29,76,17,62,68,60,81,33,49', 9, '2014-11-29 02:04:39', '0000-00-00 00:00:00', '2014-11-29 02:04:39', '192.168.1.43'),
(45, 1, 'nguyen thi mai thi', '11a1', '|21:83,81,82,|9:34,36,33,35,|3:9,12,11,10,|13:49,50,51,52,|1:1,3,4,2,|17:66,64,65,67,|11:41,44,42,43,|14:55,56,53,54,|19:75,73,74,72,|16:62,63,61,', '81,33,11,49,1,64,41,53,72,61', 9, '2014-11-29 02:04:36', '0000-00-00 00:00:00', '2014-11-29 02:04:36', '192.168.1.111'),
(46, 1, 'Nguyễn Văn Ái', '11a1', '|1:2,1,4,3,|9:34,33,36,35,|11:44,42,41,43,|17:65,64,66,67,|5:19,17,18,20,|13:51,49,50,52,|16:63,62,61,|20:76,78,80,77,79,|21:83,81,82,|14:55,53,54,56,', '1,33,41,64,17,49,61,76,81,53', 10, '2014-11-29 02:04:35', '0000-00-00 00:00:00', '2014-11-29 02:04:35', '192.168.1.116'),
(47, 1, 'Lê Thị Mỹ Phụng', '11a1', '|11:43,42,44,41,|13:50,51,49,52,|14:54,53,56,55,|9:35,33,34,36,|1:2,4,1,3,|5:20,18,17,19,|16:63,62,61,|2:7,8,6,5,|21:83,81,82,|19:75,72,74,73,', '41,52,53,33,1,17,61,5,81,72', 9, '2014-11-29 02:05:05', '0000-00-00 00:00:00', '2014-11-29 02:05:05', '192.168.1.28'),
(48, 1, 'Mỹ Kiều- Vân- Thâu', '11a1', '|3:11,9,10,12,|13:50,51,49,52,|21:81,82,83,|16:61,62,63,|20:78,80,77,79,76,|17:67,66,65,64,|15:59,58,57,60,|1:1,4,2,3,|12:46,45,47,48,|2:6,7,5,8,', '11,52,81,61,80,64,60,1,45,5', 7, '2014-11-29 02:05:05', '0000-00-00 00:00:00', '2014-11-29 02:05:05', '192.168.1.108'),
(49, 1, 'Lê Thị Ngọc Yến', '11a1', '|14:55,54,56,53,|17:64,67,65,66,|19:75,74,72,73,|3:9,10,11,12,|13:50,49,51,52,|2:5,8,7,6,|11:42,44,43,41,|21:81,83,82,|9:34,36,35,33,|1:3,4,2,1,', '53,64,72,9,49,5,41,81,33,1', 10, '2014-11-29 02:05:20', '0000-00-00 00:00:00', '2014-11-29 02:05:20', '192.168.1.2'),
(50, 1, 'Đặng Xuân Hoà - Nguyễn Quốc Việt', '11a1', '|20:79,76,80,78,77,|1:4,1,3,2,|17:67,65,66,64,|21:81,83,82,|9:34,35,33,36,|16:62,63,61,|14:54,56,55,53,|2:7,5,6,8,|12:45,46,47,48,|3:12,9,10,11,', '76,1,64,81,33,61,53,5,45,9', 10, '2014-11-29 02:05:24', '0000-00-00 00:00:00', '2014-11-29 02:05:24', '192.168.1.15'),
(51, 1, 'mnsdnfbe', '11a1', '|17:64,66,67,65,|1:4,2,1,3,|14:54,55,53,56,|13:50,49,51,52,|12:46,45,48,47,|19:73,75,72,74,|3:11,10,12,9,|16:63,62,61,|9:34,35,36,33,|21:83,81,82,', '64,1,53,49,45,72,11,61,33,81', 9, '2014-11-29 02:05:44', '0000-00-00 00:00:00', '2014-11-29 02:05:44', '192.168.1.12'),
(52, 1, 'lanvi', '11a1', '|9:36,34,35,33,|20:79,78,80,76,77,|14:55,56,53,54,|8:29,32,30,31,|17:64,65,67,66,|2:7,5,8,6,|16:63,62,61,|13:49,50,51,52,|1:4,3,1,2,|5:19,20,18,17,', '', 0, '2014-11-28 19:04:38', '0000-00-00 00:00:00', '0000-00-00 00:00:00', '192.168.1.230'),
(53, 1, 'Nguyễn Trần Khánh Vy', '11a1', '|16:61,63,62,|19:75,72,73,74,|15:58,59,57,60,|18:68,70,71,69,|8:30,29,31,32,|21:82,83,81,|3:9,12,10,11,|1:3,2,4,1,|9:34,33,36,35,|13:49,50,51,52,', '72,1,61,81,68,11,41,33,53,5', 9, '2014-11-29 02:07:26', '0000-00-00 00:00:00', '2014-11-29 02:07:26', '192.168.1.11'),
(54, 1, 'Hồ Thị Thật', '11a1', '|17:65,64,67,66,|13:49,50,51,52,|2:7,8,5,6,|16:63,62,61,|20:78,79,77,80,76,|14:54,53,55,56,|8:29,32,31,30,|9:34,36,33,35,|21:83,81,82,|1:4,3,1,2,', '', 0, '2014-11-28 19:05:06', '0000-00-00 00:00:00', '0000-00-00 00:00:00', '192.168.1.43'),
(55, 1, 'Lý Thị Hồng Duyên', '11a1', '|21:83,82,81,|8:30,29,32,31,|20:80,79,78,76,77,|2:6,5,7,8,|3:9,11,12,10,|13:49,51,50,52,|1:2,4,3,1,|17:66,64,67,65,|14:53,56,54,55,|9:35,33,36,34,', '', 0, '2014-11-28 19:05:07', '0000-00-00 00:00:00', '0000-00-00 00:00:00', '192.168.1.39'),
(56, 1, 'Mỹ Kiều- Vân- Thâu', '11a1', '|17:67,66,65,64,|1:3,4,2,1,|15:57,58,59,60,|12:45,46,48,47,|9:34,36,33,35,|3:12,9,10,11,|19:74,72,75,73,|21:83,82,81,|13:50,51,49,52,|16:63,62,61,', '', 0, '2014-11-28 19:05:17', '0000-00-00 00:00:00', '0000-00-00 00:00:00', '192.168.1.108'),
(57, 1, 'Mai Thị Lưu', '11a1', '|14:56,54,55,53,|9:36,33,35,34,|16:63,61,62,|18:70,68,69,71,|21:81,83,82,|8:31,29,30,32,|3:9,10,12,11,|13:49,50,51,52,|1:2,1,4,3,|20:78,80,77,79,76,', '', 0, '2014-11-29 02:09:51', '0000-00-00 00:00:00', '2014-11-29 02:09:51', '192.168.1.111'),
(58, 1, 'Đỗ Ngọc Nhật', '11a1', '|11:43,42,44,41,|1:3,1,2,4,|14:54,53,55,56,|2:6,7,5,8,|18:68,71,70,69,|19:73,75,74,72,|9:33,36,34,35,|16:61,63,62,|3:11,10,12,9,|13:51,49,50,52,', '', 0, '2014-11-28 19:05:27', '0000-00-00 00:00:00', '0000-00-00 00:00:00', '192.168.1.116'),
(59, 1, 'Nguyễn Thị Bích Nhiên', '11a1', '|2:6,8,7,5,|11:41,42,43,44,|20:76,79,80,77,78,|5:17,19,18,20,|14:54,55,56,53,|13:49,51,50,52,|21:83,81,82,|18:68,70,71,69,|9:33,34,36,35,|1:3,4,2,1,', '', 0, '2014-11-28 19:05:44', '0000-00-00 00:00:00', '0000-00-00 00:00:00', '192.168.1.32'),
(60, 1, 'nguyễn quốc việt', '11a1', '|13:50,51,49,52,|15:57,59,58,60,|8:29,32,31,30,|17:65,64,66,67,|19:75,74,72,73,|16:62,61,63,|2:5,8,7,6,|5:18,19,20,17,|1:3,2,1,4,|21:81,82,83,|9:34,36,35,33,', '', 0, '2014-11-28 19:07:53', '0000-00-00 00:00:00', '0000-00-00 00:00:00', '192.168.1.15'),
(61, 1, 'Mỹ Kiều- Vân- Thâu', '11a1', '|11:41,44,43,42,|3:11,12,9,10,|15:59,58,57,60,|13:49,50,51,52,|18:70,68,71,69,|21:82,83,81,|2:7,8,6,5,|16:63,62,61,|19:72,74,75,73,|1:2,3,1,4,|9:33,35,34,36,', '', 0, '2014-11-28 19:08:05', '0000-00-00 00:00:00', '0000-00-00 00:00:00', '192.168.1.108'),
(62, 1, 'hồ thị thật', '11a1', '|17:65,64,67,66,|20:80,77,76,78,79,|15:57,59,58,60,|9:34,36,35,33,|3:9,11,12,10,|16:62,61,63,|13:49,50,51,52,|1:3,4,2,1,|11:44,41,43,42,|21:83,81,82,|2:6,8,5,7,', '', 0, '2014-11-28 19:08:06', '0000-00-00 00:00:00', '0000-00-00 00:00:00', '192.168.1.39'),
(63, 1, 'Nguyễn Đức Sơn', '11a1', '|2:6,8,7,5,|19:72,75,73,74,|1:4,3,1,2,|12:46,45,47,48,|5:19,20,17,18,|14:55,54,56,53,|17:66,64,67,65,|16:63,62,61,|9:35,34,33,36,|21:83,82,81,|13:51,50,49,52,', '', 0, '2014-11-28 19:08:11', '0000-00-00 00:00:00', '0000-00-00 00:00:00', '192.168.1.116'),
(64, 1, 'Phạm Bảo Bình', '11A1', '|20:76,77,79,78,80,|5:19,20,18,17,|11:42,44,43,41,|2:5,8,6,7,|1:1,2,4,3,|15:57,59,58,60,|16:61,63,62,|18:68,69,71,70,|13:51,50,49,52,|21:82,83,81,|9:33,34,36,35,', '76,17,41,5,1,60,61,68,49,81,33', 11, '2014-11-29 02:09:36', '0000-00-00 00:00:00', '2014-11-29 02:09:36', '192.168.1.2'),
(65, 1, 'Đặng Xuân Hòa', '11a1', '|13:50,49,51,52,|11:42,43,44,41,|26:102,105,104,103,|27:107,109,106,108,|19:75,73,74,72,|31:124,126,127,125,128,|1:2,4,3,1,|16:61,63,62,|15:57,59,58,60,|3:11,9,12,10,|22:85,87,86,88,84,|2:5,8,6,7,|24:94,95,97,96,|23:91,93,90,92,89,|21:82,81,83,', '', 0, '2014-11-28 19:10:42', '0000-00-00 00:00:00', '0000-00-00 00:00:00', '192.168.1.2'),
(66, 1, 'Nguyễn Như Huệ', '11a1', '|20:78,76,79,80,77,|15:57,58,59,60,|11:41,44,43,42,|5:20,18,19,17,|28:111,112,110,113,|31:127,126,125,124,128,|21:83,82,81,|26:104,103,105,102,|1:1,4,3,2,|23:91,93,89,92,90,|22:86,87,85,84,88,|2:6,5,7,8,|24:95,96,94,97,|16:61,62,63,|13:49,50,51,52,', '76,60,41,17,111,128,81,102,1,89,84,5,94,61,49', 15, '2014-11-29 02:18:17', '0000-00-00 00:00:00', '2014-11-29 02:18:17', '192.168.1.32'),
(67, 1, 'Võ Thị Thúy Kiều', '11a1', '|1:1,3,4,2,|3:10,11,12,9,|25:98,99,100,101,|9:33,36,34,35,|16:61,63,62,|14:54,56,55,53,|28:110,111,113,112,|13:50,49,51,52,|21:81,83,82,|23:90,93,92,91,89,|20:79,78,77,80,76,|12:45,46,48,47,|22:86,88,87,85,84,|29:117,114,118,116,115,|2:8,5,6,7,', '1,9,98,33,61,53,113,49,81,89,76,45,84,114,5', 14, '2014-11-29 02:18:09', '0000-00-00 00:00:00', '2014-11-29 02:18:09', '192.168.1.28'),
(68, 1, 'Dương Thị Hoa', '11a1', '|28:110,112,113,111,|30:121,123,122,120,119,|2:6,8,7,5,|25:101,100,98,99,|8:29,30,31,32,|23:93,91,89,92,90,|21:83,82,81,|19:72,73,75,74,|15:59,57,58,60,|5:19,20,18,17,|22:87,84,86,88,85,|13:51,50,49,52,|16:63,61,62,|9:34,35,36,33,|1:4,1,2,3,', '111,119,5,98,29,89,81,75,60,17,84,49,61,33,1', 14, '2014-11-29 02:18:33', '0000-00-00 00:00:00', '2014-11-29 02:18:33', '192.168.1.156'),
(69, 1, 'Nguyễn Văn Ái', '11a1', '|15:58,59,57,60,|21:81,82,83,|30:119,122,121,120,123,|23:90,93,92,91,89,|8:29,31,32,30,|17:66,65,64,67,|28:111,112,110,113,|13:51,49,50,52,|19:73,74,75,72,|3:12,10,11,9,|24:95,97,96,94,|22:84,85,87,88,86,|16:62,63,61,|2:8,5,6,7,|1:2,1,4,3,', '60,81,119,89,29,64,111,49,72,9,94,84,61,5,1', 15, '2014-11-29 02:13:22', '0000-00-00 00:00:00', '2014-11-29 02:13:22', '192.168.1.116'),
(70, 1, 'Lý Thị Hồng Duyên', '11a1', '|23:90,93,92,91,89,|8:29,31,30,32,|15:57,59,58,60,|19:72,74,75,73,|16:62,61,63,|22:85,87,88,84,86,|17:66,67,65,64,|5:17,19,18,20,|31:124,126,125,127,128,|13:50,49,51,52,|21:82,81,83,|9:35,33,36,34,|28:110,112,113,111,|1:2,1,3,4,|2:5,6,7,8,', '89,29,60,72,61,84,64,17,126,49,81,33,113,1,5', 13, '2014-11-29 02:18:40', '0000-00-00 00:00:00', '2014-11-29 02:18:40', '192.168.1.111'),
(71, 1, 'Nguyễn Thị Châu Đoan', '11A1', '|22:87,86,85,88,84,|14:53,56,55,54,|12:46,45,48,47,|31:127,124,126,125,128,|25:101,100,98,99,|2:8,5,7,6,|20:79,76,80,78,77,|5:17,19,18,20,|9:35,33,36,34,|16:61,63,62,|21:83,81,82,|23:89,90,91,93,92,|28:112,111,110,113,|1:1,3,2,4,|13:49,51,50,52,', '85,53,45,125,98,5,76,17,33,61,81,89,112,1,52', 11, '2014-11-29 02:18:33', '0000-00-00 00:00:00', '2014-11-29 02:18:33', '192.168.1.11'),
(72, 1, 'Đặng Xuân Hòa', '11a1', '|11:44,42,41,43,|3:10,11,9,12,|19:74,75,73,72,|15:58,59,57,60,|29:115,114,116,118,117,|1:2,4,3,1,|16:61,62,63,|24:97,94,96,95,|23:93,89,90,92,91,|28:111,110,112,113,|13:49,51,50,52,|22:86,85,88,84,87,|26:104,102,105,103,|21:83,82,81,|2:8,5,6,7,', '41,9,72,60,114,1,61,94,89,111,49,84,102,81,5', 15, '2014-11-29 02:14:46', '0000-00-00 00:00:00', '2014-11-29 02:14:46', '192.168.1.2'),
(73, 1, 'Phan Thị Ngọc Diễm', '11a1', '|30:121,123,120,122,119,|15:57,58,59,60,|20:78,80,77,79,76,|17:66,64,67,65,|24:95,97,94,96,|21:83,82,81,|2:8,6,7,5,|13:50,51,49,52,|3:9,12,11,10,|1:3,2,1,4,|22:85,86,84,87,88,|27:109,106,108,107,|11:42,43,44,41,|23:91,93,92,90,89,|16:62,61,63,', '119,60,76,64,94,81,5,49,9,1,84,108,41,89,61', 14, '2014-11-29 02:19:47', '0000-00-00 00:00:00', '2014-11-29 02:19:47', '192.168.1.43'),
(74, 1, 'Nguyễn Hữu Giác', '11a1', '|8:29,30,32,31,|18:68,69,71,70,|31:126,127,125,124,128,|9:33,35,36,34,|28:112,113,110,111,|3:11,12,9,10,|13:49,51,50,52,|23:93,90,89,92,91,|15:59,58,57,60,|1:2,1,4,3,|19:74,72,75,73,|16:61,62,63,|22:86,88,84,85,87,|2:5,7,6,8,|21:83,82,81,', '', 0, '2014-11-29 02:19:55', '0000-00-00 00:00:00', '2014-11-29 02:19:55', '192.168.1.39'),
(75, 1, 'Lê Trương Mỹ Kiều', '11a1', '|12:46,45,48,47,|30:120,119,123,121,122,|15:57,59,58,60,|9:34,36,33,35,|2:5,7,8,6,|20:76,80,78,79,77,|3:10,11,12,9,|22:88,86,84,87,85,|25:99,98,100,101,|27:107,108,109,106,|21:82,83,81,|16:61,63,62,|1:4,2,1,3,|23:93,92,89,91,90,|13:50,51,49,52,', '45,119,60,33,5,80,9,84,98,106,81,61,1,89,49', 14, '2014-11-29 02:17:19', '0000-00-00 00:00:00', '2014-11-29 02:17:19', '192.168.1.15'),
(76, 1, 'Phạm Bảo Bình', '11a1', '|18:71,69,68,70,|8:32,29,30,31,|29:116,117,118,115,114,|9:34,35,36,33,|21:82,83,81,|16:62,63,61,|3:11,9,12,10,|14:54,56,55,53,|23:91,93,90,92,89,|13:51,50,49,52,|2:8,5,7,6,|1:2,3,4,1,|27:106,109,108,107,|19:72,74,73,75,|22:84,86,88,87,85,', '68,29,116,33,81,61,9,53,89,49,5,1,108,72,84', 13, '2014-11-29 02:18:27', '0000-00-00 00:00:00', '2014-11-29 02:18:27', '192.168.1.108'),
(77, 1, 'huynh thi my hoa', '11a1', '|22:86,84,87,85,88,|21:81,82,83,|20:80,78,76,79,77,|2:5,8,6,7,|23:93,89,91,90,92,|11:42,43,41,44,|26:103,102,105,104,|24:96,97,95,94,|29:115,116,118,114,117,|14:54,53,55,56,|3:9,12,11,10,|1:3,2,4,1,|28:112,113,110,111,|16:61,62,63,|13:51,50,49,52,', '84,81,76,5,89,41,102,94,116,53,9,1,111,61,49', 14, '2014-11-29 02:20:00', '0000-00-00 00:00:00', '2014-11-29 02:20:00', '192.168.1.12'),
(78, 1, 'Mai Thị Lưu', '11a1', '|27:108,106,107,109,|19:73,75,72,74,|12:46,45,47,48,|15:59,57,58,60,|22:88,84,86,85,87,|18:68,69,71,70,|13:51,49,50,52,|24:97,94,95,96,|16:63,62,61,|5:20,19,18,17,|29:114,115,116,117,118,|2:8,7,5,6,|21:81,83,82,|23:90,93,91,89,92,|1:2,3,1,4,', '108,72,45,60,84,68,49,94,61,17,114,5,81,89,1', 14, '2014-11-29 02:18:36', '0000-00-00 00:00:00', '2014-11-29 02:18:36', '192.168.1.230'),
(79, 1, 'Nguyễn Thị Diễm My', '11a1', '|24:97,96,95,94,|26:105,103,104,102,|19:73,72,74,75,|3:12,9,10,11,|12:46,45,47,48,|1:4,1,2,3,|31:126,125,124,127,128,|15:58,59,57,60,|16:61,62,63,|28:112,113,110,111,|21:82,81,83,|2:7,6,8,5,|22:85,87,88,84,86,|13:49,51,50,52,|23:90,93,92,91,89,', '94,102,72,9,45,1,128,60,61,111,81,5,84,49,89', 15, '2014-11-29 02:22:45', '0000-00-00 00:00:00', '2014-11-29 02:22:45', '192.168.1.116'),
(80, 1, 'ngyễn thị nguyệt nga', '11a1', '|17:65,67,66,64,|9:35,34,33,36,|14:56,53,54,55,|22:87,86,88,84,85,|5:17,20,18,19,|21:81,83,82,|20:76,77,79,80,78,|1:1,3,2,4,|28:110,111,112,113,|11:43,42,41,44,|13:50,51,49,52,|16:62,61,63,|30:123,119,122,120,121,|2:7,6,8,5,|23:89,92,90,91,93,', '64,33,53,84,17,81,76,1,111,41,49,61,119,5,90', 14, '2014-11-29 02:23:20', '0000-00-00 00:00:00', '2014-11-29 02:23:20', '192.168.1.2'),
(81, 1, 'Lê Thị Ngọc', '11a1', '|26:104,103,102,105,|30:120,119,121,122,123,|8:32,31,29,30,|21:82,83,81,|27:109,108,107,106,|19:72,74,73,75,|16:61,62,63,|13:49,50,51,52,|9:36,34,35,33,|15:57,58,59,60,|1:4,1,3,2,|22:88,86,87,84,85,|23:89,91,93,92,90,|5:17,20,18,19,|2:7,5,6,8,', '102,122,29,81,106,72,61,49,33,60,1,84,89,17,5', 14, '2014-11-29 02:23:37', '0000-00-00 00:00:00', '2014-11-29 02:23:37', '192.168.1.15'),
(82, 1, 'van thi nhan', '11a1', '|15:59,57,58,60,|27:108,107,109,106,|2:7,6,5,8,|26:104,102,105,103,|3:10,12,11,9,|22:84,88,86,87,85,|16:63,62,61,|9:33,35,34,36,|13:51,49,50,52,|31:124,127,125,126,128,|8:32,31,30,29,|1:3,1,4,2,|21:81,83,82,|20:78,76,80,79,77,|23:89,92,93,90,91,', '60,106,5,102,11,84,61,33,49,128,29,1,81,76,89', 14, '2014-11-29 02:25:22', '0000-00-00 00:00:00', '2014-11-29 02:25:22', '192.168.1.32'),
(83, 1, 'Lê Thị Nhạn', '11a1', '|22:86,88,87,84,85,|16:61,63,62,|19:75,73,72,74,|24:96,97,95,94,|29:118,117,116,114,115,|2:7,6,8,5,|18:69,71,68,70,|28:113,112,110,111,|12:45,46,48,47,|23:93,92,89,90,91,|1:3,4,2,1,|14:55,56,54,53,|21:82,81,83,|13:50,49,51,52,|5:19,17,18,20,', '84,61,72,94,114,5,68,111,45,89,1,53,81,49,17', 15, '2014-11-29 02:25:07', '0000-00-00 00:00:00', '2014-11-29 02:25:07', '192.168.1.28'),
(84, 1, 'Đỗ Ngọc Nhật', '11a1', '|80:308,310,309,|22:85,84,87,86,88,|14:53,54,55,56,|28:113,110,112,111,|19:72,75,73,74,|9:33,36,35,34,|26:102,103,105,104,|8:29,32,31,30,|23:89,93,90,91,92,|13:50,51,49,52,|2:8,6,7,5,|30:122,123,121,119,120,|5:20,18,17,19,|21:83,81,82,|1:3,4,1,2,', '310,84,53,111,72,33,102,29,89,49,5,119,17,81,1', 14, '2014-11-29 02:24:29', '0000-00-00 00:00:00', '2014-11-29 02:24:29', '192.168.1.11'),
(85, 1, 'lê thị nhung', '11a1', '|1:1,3,4,2,|20:80,79,77,76,78,|21:83,81,82,|16:61,62,63,|24:97,95,94,96,|27:109,106,107,108,|30:121,122,119,123,120,|25:101,98,99,100,|14:56,54,55,53,|22:84,87,86,88,85,|5:17,19,18,20,|13:51,49,50,52,|2:6,5,7,8,|8:29,30,32,31,|23:91,90,89,92,93,', '1,76,81,61,94,108,119,98,53,84,17,52,5,29,89', 13, '2014-11-29 02:24:31', '0000-00-00 00:00:00', '2014-11-29 02:24:31', '192.168.1.156'),
(86, 1, 'La Văn Niên', '11a1', '|28:111,113,112,110,|12:46,45,48,47,|17:66,64,67,65,|3:11,9,12,10,|23:90,92,89,91,93,|20:78,76,80,79,77,|22:88,84,85,87,86,|29:114,118,117,116,115,|13:51,50,49,52,|2:5,6,8,7,|9:36,33,34,35,|15:59,58,57,60,|1:3,2,1,4,|16:61,63,62,|21:82,83,81,', '111,45,64,9,89,76,84,114,49,5,33,60,1,61,81', 15, '2014-11-29 02:23:30', '0000-00-00 00:00:00', '2014-11-29 02:23:30', '192.168.1.230'),
(87, 1, 'nguyễn thị bích nhiên', '11a1', '|23:89,92,90,91,93,|2:7,8,6,5,|80:310,308,309,|19:72,74,73,75,|15:59,57,58,60,|26:103,105,102,104,|3:11,9,10,12,|8:31,29,30,32,|9:34,35,36,33,|22:85,88,84,86,87,|13:50,49,51,52,|31:127,126,125,124,128,|1:1,2,3,4,|28:111,112,113,110,|21:83,82,81,', '89,5,308,72,60,102,11,29,33,84,49,126,1,111,81', 12, '2014-11-29 02:23:57', '0000-00-00 00:00:00', '2014-11-29 02:23:57', '192.168.1.43'),
(88, 1, 'Nguyễn Hữu Giác', '11a1', '|18:70,71,68,69,|12:45,46,48,47,|29:118,114,115,116,117,|23:92,91,89,90,93,|5:17,20,19,18,|14:55,56,54,53,|28:111,113,110,112,|19:74,75,72,73,|1:1,2,3,4,|13:51,49,50,52,|16:62,63,61,|2:5,6,7,8,|22:85,88,84,86,87,|9:36,33,35,34,|21:82,81,83,', '68,45,114,89,17,53,113,72,1,49,61,5,84,33,81', 14, '2014-11-29 02:23:08', '0000-00-00 00:00:00', '2014-11-29 02:23:08', '192.168.1.39'),
(89, 1, 'Đinh Thị Kim Nhi', '11a1', '|22:86,88,84,85,87,|2:7,6,5,8,|12:46,45,47,48,|24:95,96,97,94,|27:108,109,106,107,|19:73,75,74,72,|18:70,69,68,71,|29:118,117,114,116,115,|23:91,89,90,92,93,|15:58,57,59,60,|80:309,308,310,|13:49,50,51,52,|5:20,18,17,19,|1:1,4,2,3,|21:81,82,83,', '84,5,45,94,108,72,68,114,89,60,308,49,17,1,81', 13, '2014-11-29 02:24:41', '0000-00-00 00:00:00', '2014-11-29 02:24:41', '192.168.1.108'),
(90, 1, 'lê thị mỹ phụng', '11a1', '|1:2,4,1,3,|11:44,43,42,41,|5:17,19,20,18,|24:96,94,97,95,|29:115,117,114,118,116,|16:61,63,62,|14:54,53,55,56,|26:103,104,105,102,|20:76,80,78,77,79,|28:111,113,110,112,|22:87,86,88,84,85,|23:90,92,91,89,93,|13:51,50,49,52,|21:83,82,81,|2:5,8,7,6,', '1,41,17,94,114,61,53,102,76,113,84,89,52,81,5', 13, '2014-11-29 02:26:44', '0000-00-00 00:00:00', '2014-11-29 02:26:44', '192.168.1.111'),
(91, 1, 'phan thi kim oanh', '11a1', '|2:6,7,8,5,|1:2,3,4,1,|13:49,50,51,52,|3:11,10,9,12,|20:77,78,79,76,80,|14:53,56,55,54,|29:114,116,118,117,115,|21:81,82,83,|8:31,30,29,32,|16:63,61,62,|9:35,33,34,36,|25:100,101,99,98,|23:93,89,91,92,90,|27:108,109,106,107,|22:88,85,84,87,86,', '5,1,52,11,76,53,117,81,29,63,33,98,89,108,84', 10, '2014-11-29 02:26:12', '0000-00-00 00:00:00', '2014-11-29 02:26:12', '192.168.1.12'),
(92, 1, 'Ngô Văn Ri', '11a1', '|16:63,61,62,|21:83,82,81,|9:33,34,36,35,|29:115,114,117,118,116,|12:46,45,48,47,|1:1,4,3,2,|27:108,107,109,106,|2:7,5,6,8,|15:59,58,57,60,|19:75,74,73,72,|17:65,66,67,64,|5:17,19,20,18,|22:85,86,87,88,84,|13:50,51,49,52,|23:93,90,92,89,91,', '61,81,33,114,45,1,106,5,60,72,64,17,84,49,89', 15, '2014-11-29 02:27:40', '0000-00-00 00:00:00', '2014-11-29 02:27:40', '192.168.1.116'),
(93, 1, 'nguyễn thị bích phượng', '11a1', '|28:112,113,110,111,|1:2,4,3,1,|18:68,71,69,70,|14:55,54,56,53,|80:310,309,308,|9:33,36,34,35,|21:82,83,81,|22:87,85,88,86,84,|20:76,80,78,77,79,|5:18,20,19,17,|31:127,126,124,125,128,|8:29,31,32,30,|2:6,5,7,8,|23:89,91,90,93,92,|13:49,50,51,52,', '111,1,68,53,308,33,81,84,76,17,128,29,5,90,49', 13, '2014-11-29 02:31:01', '0000-00-00 00:00:00', '2014-11-29 02:31:01', '192.168.1.39'),
(94, 1, 'vo thi thu quyen', '11a1', '|2:6,7,5,8,|14:54,55,53,56,|5:18,20,17,19,|27:107,106,109,108,|23:91,93,92,90,89,|25:98,101,99,100,|1:2,3,4,1,|31:124,127,126,125,128,|22:85,84,87,88,86,|9:35,36,34,33,|13:50,49,51,52,|12:45,46,47,48,|21:81,82,83,|80:310,309,308,|20:76,78,77,79,80,', '5,53,17,108,89,98,1,128,84,33,52,45,81,308,76', 12, '2014-11-29 02:29:09', '0000-00-00 00:00:00', '2014-11-29 02:29:09', '192.168.1.2'),
(95, 1, 'Nguyễn Đức Sơn', '11a1', '|16:62,63,61,|3:10,12,11,9,|1:1,4,2,3,|22:88,86,84,85,87,|18:68,71,69,70,|24:95,96,97,94,|20:77,76,79,80,78,|27:107,109,106,108,|2:8,6,7,5,|11:44,41,42,43,|30:121,120,123,122,119,|13:50,49,51,52,|15:58,59,57,60,|23:92,90,89,91,93,|21:81,83,82,', '61,9,1,84,68,94,76,107,5,41,119,49,60,89,81', 14, '2014-11-29 02:29:09', '0000-00-00 00:00:00', '2014-11-29 02:29:09', '192.168.1.15'),
(96, 1, 'Nguyễn Tuyết Sương', '11a1', '|14:54,56,55,53,|1:4,2,3,1,|16:62,63,61,|3:12,9,10,11,|29:114,118,116,117,115,|24:96,95,97,94,|11:44,41,43,42,|27:108,107,106,109,|20:78,76,77,80,79,|22:87,86,88,85,84,|25:100,98,99,101,|13:49,51,50,52,|2:7,5,8,6,|23:92,91,90,93,89,|21:83,81,82,', '53,1,61,9,114,94,41,108,76,88,98,49,5,89,81', 13, '2014-11-29 02:29:10', '0000-00-00 00:00:00', '2014-11-29 02:29:10', '192.168.1.43'),
(97, 1, 'Nguyễn Thị Thu Sương', '11a1', '|23:89,90,93,92,91,|5:18,20,19,17,|20:77,76,80,79,78,|27:109,106,107,108,|24:95,97,94,96,|80:310,308,309,|21:83,81,82,|31:125,124,127,126,128,|18:70,68,69,71,|12:45,46,47,48,|22:86,87,88,85,84,|13:50,49,51,52,|2:7,6,5,8,|14:53,55,56,54,|1:2,1,4,3,', '89,17,76,106,94,308,81,125,68,45,84,49,5,53,1', 13, '2014-11-29 02:32:06', '0000-00-00 00:00:00', '2014-11-29 02:32:06', '192.168.1.156'),
(98, 1, 'nguyen thi tam', '11a1', '|23:89,92,91,93,90,|11:41,44,43,42,|3:11,12,10,9,|16:63,62,61,|1:4,3,2,1,|18:71,70,68,69,|21:81,83,82,|28:111,112,110,113,|22:85,86,87,88,84,|9:34,35,36,33,|31:125,126,127,124,128,|19:75,72,74,73,|2:5,8,6,7,|13:50,49,51,52,|15:57,58,59,60,', '89,41,9,61,1,68,81,112,84,33,126,75,5,49,60', 12, '2014-11-29 02:34:34', '0000-00-00 00:00:00', '2014-11-29 02:34:34', '192.168.1.230'),
(99, 1, 'nguyễn thị mai thi', '11a1', '|29:117,115,114,118,116,|12:46,45,48,47,|3:12,9,10,11,|2:6,8,7,5,|18:69,68,71,70,|27:108,106,107,109,|9:35,33,34,36,|1:4,2,3,1,|20:80,77,79,78,76,|15:58,57,59,60,|13:50,49,51,52,|22:87,85,88,86,84,|23:89,91,90,92,93,|80:308,309,310,|21:83,81,82,', '115,45,11,5,68,107,33,1,76,60,49,86,91,308,81', 9, '2014-11-29 02:35:54', '0000-00-00 00:00:00', '2014-11-29 02:35:54', '192.168.1.111'),
(100, 1, 'hồ thị thật', '11a1', '|27:109,106,108,107,|22:85,87,88,84,86,|16:63,62,61,|3:11,9,10,12,|15:57,58,59,60,|19:72,74,73,75,|18:70,68,71,69,|29:114,117,116,115,118,|8:32,30,31,29,|2:6,5,8,7,|23:92,90,91,93,89,|21:82,81,83,|9:33,34,35,36,|1:3,1,2,4,|13:51,50,49,52,', '108,84,61,9,60,72,68,114,29,5,89,81,33,1,49', 14, '2014-11-29 02:35:06', '0000-00-00 00:00:00', '2014-11-29 02:35:06', '192.168.1.28'),
(101, 1, 'Nguyen Thi Tram', '11a1', '|14:54,56,53,55,|13:51,49,50,52,|22:85,86,84,87,88,|21:81,83,82,|23:89,93,90,91,92,|28:113,112,110,111,|20:79,76,77,80,78,|30:119,123,122,121,120,|25:99,100,98,101,|24:95,97,94,96,|1:1,3,4,2,|80:310,309,308,|2:5,6,7,8,|12:45,46,48,47,|5:20,18,17,19,', '53,49,84,81,89,111,76,119,98,94,1,309,5,45,17', 15, '2014-11-29 02:32:29', '0000-00-00 00:00:00', '2014-11-29 02:32:29', '192.168.1.12'),
(102, 1, 'Lê Văn Tư', '11a1', '|16:61,62,63,|30:119,121,122,123,120,|1:2,3,4,1,|21:83,82,81,|17:65,64,66,67,|14:53,56,54,55,|11:44,42,41,43,|24:97,96,95,94,|20:76,77,78,80,79,|13:51,50,49,52,|27:108,107,109,106,|5:18,17,19,20,|23:90,92,93,89,91,|2:5,7,8,6,|22:84,88,85,86,87,', '61,119,1,81,64,53,41,94,76,49,106,17,89,5,84', 15, '2014-11-29 02:33:08', '0000-00-00 00:00:00', '2014-11-29 02:33:08', '192.168.1.116'),
(103, 1, 'NGUYEN THI HONG THAU', '11A1', '|80:309,308,310,|25:99,98,101,100,|27:106,107,108,109,|3:11,9,10,12,|19:74,73,75,72,|14:55,53,54,56,|13:51,49,50,52,|11:44,43,42,41,|22:88,85,87,86,84,|21:82,81,83,|2:8,7,6,5,|1:4,1,2,3,|29:116,118,115,114,117,|24:94,96,97,95,|23:89,93,91,90,92,', '308,98,106,9,72,53,49,41,84,81,5,1,114,94,89', 14, '2014-11-29 02:35:06', '0000-00-00 00:00:00', '2014-11-29 02:35:06', '192.168.1.11'),
(104, 1, 'Phạm Nguyễn Tú Uyên', '11a1', '|2:6,7,8,5,|30:121,123,119,122,120,|22:86,84,87,88,85,|27:109,108,107,106,|24:95,97,94,96,|3:12,11,10,9,|16:61,63,62,|12:46,45,48,47,|13:49,50,51,52,|20:78,79,76,80,77,|14:55,53,54,56,|18:71,69,68,70,|1:2,1,4,3,|23:90,89,93,91,92,|21:81,82,83,', '5,119,84,108,94,9,61,45,49,76,53,68,1,89,81', 14, '2014-11-29 02:35:09', '0000-00-00 00:00:00', '2014-11-29 02:35:09', '192.168.1.108'),
(105, 1, 'Hoàng Tiểu Uyên', '11a1', '|8:30,32,31,29,|13:51,49,50,52,|2:7,5,6,8,|17:65,64,67,66,|15:57,59,58,60,|20:79,77,78,80,76,|9:34,36,33,35,|27:107,106,108,109,|3:9,11,12,10,|80:310,308,309,|23:93,91,90,92,89,|30:122,123,121,120,119,|21:83,82,81,|22:88,84,87,85,86,|1:2,1,3,4,', '29,49,5,64,60,76,33,106,11,309,89,120,81,86,1', 12, '2014-11-29 02:31:17', '0000-00-00 00:00:00', '2014-11-29 02:31:17', '192.168.1.32'),
(106, 1, 'Đặng Thị Lan Vi', '11a1', '|2:7,6,8,5,|25:98,100,99,101,|16:61,62,63,|29:118,114,115,117,116,|28:110,113,111,112,|5:19,17,18,20,|11:41,44,42,43,|14:53,54,55,56,|24:96,94,97,95,|20:76,78,77,80,79,|22:88,85,87,84,86,|23:89,90,93,92,91,|1:2,1,4,3,|13:51,49,50,52,|21:81,82,83,', '5,98,61,114,111,17,41,53,94,76,84,89,1,50,81', 14, '2014-11-29 02:34:55', '0000-00-00 00:00:00', '2014-11-29 02:34:55', '192.168.1.15'),
(107, 1, 'Trần  Thị Vân', '11a1', '|2:8,7,6,5,|3:11,12,10,9,|12:46,45,48,47,|25:100,101,98,99,|80:308,310,309,|27:106,108,109,107,|13:50,51,49,52,|14:55,54,53,56,|29:115,118,116,114,117,|20:80,77,78,76,79,|9:36,35,33,34,|22:85,86,88,84,87,|1:1,2,3,4,|23:90,92,91,93,89,|21:82,83,81,', '5,9,45,98,308,108,49,53,118,80,33,86,1,89,81', 10, '2014-11-29 02:34:36', '0000-00-00 00:00:00', '2014-11-29 02:34:36', '192.168.1.2'),
(108, 1, 'tran thi tuong vi', '11a1', '|2:8,6,7,5,|13:50,51,49,52,|31:127,125,126,124,128,|12:46,45,47,48,|18:71,69,70,68,|15:59,57,58,60,|19:74,73,75,72,|27:106,108,109,107,|9:35,33,34,36,|21:82,83,81,|16:62,63,61,|1:1,4,2,3,|5:18,19,17,20,|23:91,90,93,89,92,|22:86,84,88,87,85,', '5,49,126,45,68,60,72,108,33,81,61,1,17,89,88', 12, '2014-11-29 02:35:45', '0000-00-00 00:00:00', '2014-11-29 02:35:45', '192.168.1.43'),
(109, 1, 'nguyễn quốc việt', '11a1', '|18:68,71,70,69,|22:84,87,88,86,85,|2:6,7,8,5,|23:90,89,91,92,93,|30:122,123,121,120,119,|20:80,77,78,79,76,|14:56,54,55,53,|8:29,31,30,32,|5:19,18,17,20,|16:62,61,63,|9:35,34,33,36,|1:1,2,4,3,|27:107,109,106,108,|21:82,81,83,|13:50,49,51,52,', '69,88,5,89,120,76,53,29,17,61,33,1,108,81,49', 11, '2014-11-29 02:34:15', '0000-00-00 00:00:00', '2014-11-29 02:34:15', '192.168.1.39'),
(110, 1, 'Nguyễn Trần Thuý Vy', '11a1', '|20:76,77,79,78,80,|13:50,49,51,52,|80:310,309,308,|17:67,66,65,64,|27:108,107,109,106,|15:58,59,57,60,|30:122,123,119,120,121,|23:90,91,92,89,93,|21:82,83,81,|12:46,45,47,48,|2:6,5,7,8,|5:19,20,18,17,|1:3,1,2,4,|9:36,34,33,35,|22:85,86,84,88,87,', '76,49,309,64,107,60,120,89,81,45,5,17,1,33,86', 12, '2014-11-29 02:35:44', '0000-00-00 00:00:00', '2014-11-29 02:35:44', '192.168.1.32'),
(111, 1, 'Nguyễn Trần Khánh Vy', '11a1', '|11:43,42,44,41,|9:35,33,36,34,|15:58,59,57,60,|5:17,19,20,18,|26:103,104,102,105,|80:308,309,310,|21:81,82,83,|28:112,113,110,111,|20:78,80,76,79,77,|22:85,87,88,86,84,|31:125,127,124,126,128,|13:49,50,51,52,|23:90,92,89,91,93,|2:8,6,7,5,|1:3,1,4,2,', '41,33,60,17,102,309,81,111,76,84,128,49,89,5,1', 15, '2014-11-29 02:37:53', '0000-00-00 00:00:00', '2014-11-29 02:37:53', '192.168.1.156'),
(112, 1, 'Lê Thị Ngọc Yến', '11a1', '|14:55,56,54,53,|24:97,96,94,95,|21:81,82,83,|29:114,116,118,117,115,|18:70,68,71,69,|16:63,61,62,|20:77,79,80,78,76,|12:45,46,47,48,|13:50,49,51,52,|27:108,109,106,107,|22:87,88,85,84,86,|2:8,7,5,6,|5:17,20,18,19,|1:4,1,2,3,|23:89,90,93,92,91,', '53,94,81,114,68,61,76,45,49,106,84,5,17,1,89', 15, '2014-11-29 02:38:37', '0000-00-00 00:00:00', '2014-11-29 02:38:37', '192.168.1.12'),
(113, 2, 'Tran Huu Nam', '11A0', '|72:277,278,276,279,|66:257,255,256,254,|40:162,163,165,164,|70:268,269,270,271,|59:226,227,228,229,|55:209,213,211,210,|39:158,160,159,161,|35:142,144,145,143,|32:132,130,133,131,|65:251,250,253,252,', '276,256,163,270,226,213,161,142,130,250', 10, '2014-11-29 04:57:27', '0000-00-00 00:00:00', '2014-11-29 04:57:27', '127.0.0.1'),
(114, 2, 'Tran Huu Nam', '11A0', '|53:201,202,204,203,|36:147,149,148,146,|56:215,217,216,214,|43:166,167,168,169,|79:304,306,305,307,|73:280,281,282,283,|50:188,191,190,189,187,|68:262,261,|39:160,158,159,161,|75:290,289,288,291,', '0,0,0,168,0,0,0,0,0,0', 0, '2014-11-29 05:09:51', '0000-00-00 00:00:00', '2014-11-29 05:09:51', '127.0.0.1'),
(115, 2, 'Tran Huu Nam', '11A0', '|82:316,315,317,318,|76:293,292,294,295,|47:175,176,178,177,|32:131,130,133,132,|77:297,298,296,299,|63:243,244,245,242,|61:234,237,236,235,|52:197,198,200,199,|51:194,193,195,196,192,|36:147,148,146,149,', '', 0, '2014-11-29 05:14:54', '0000-00-00 00:00:00', '2014-11-29 05:14:54', '127.0.0.1'),
(116, 2, 'Tran Huu Nam', '11A0', '|85:331,333,330,329,332,|79:304,306,305,307,|48:180,179,182,181,|64:247,248,249,246,|33:137,134,135,136,|86:336,335,337,334,|40:163,162,165,164,|68:261,262,|67:259,258,260,|35:144,145,143,142,', '', 0, '2014-11-29 05:21:11', '0000-00-00 00:00:00', '2014-11-29 05:21:11', '127.0.0.1'),
(117, 2, 'Tran Huu Nam', '11A0', '|77:298,297,296,299,|85:331,330,333,329,332,|61:235,234,237,236,|46:171,172,173,174,|70:269,268,271,270,|57:220,219,218,221,|54:207,206,208,205,|64:247,246,249,248,|48:182,181,179,180,|72:277,276,278,279,', '', 0, '2014-11-28 22:21:35', '0000-00-00 00:00:00', '0000-00-00 00:00:00', '127.0.0.1'),
(118, 2, 'Tran Huu Nam', '11A0', '|72:278,276,277,279,|96:374,375,376,377,|90:350,351,352,353,|88:345,342,343,344,|60:231,232,230,233,|36:148,149,147,146,|83:319,320,321,322,|102:401,400,399,398,|79:305,306,304,307,|53:202,201,203,204,|87:339,338,341,340,|32:130,132,131,133,|74:285,2', '276,374,352,342,231,146,322,401,304,202,340,130,286,272,166,256,225,388,161,419', 20, '2014-11-30 05:42:59', '0000-00-00 00:00:00', '2014-11-30 05:42:59', '127.0.0.1'),
(119, 1, 'Tran Huu Nam', '11A0', '|63:242,245,243,244,|43:166,167,168,169,|68:262,261,|58:223,224,222,225,|37:153,152,151,150,|87:339,338,341,340,|52:198,197,200,199,|88:342,345,344,343,|73:281,282,280,283,|81:312,311,314,313,|62:238,241,239,240,|70:269,268,270,271,|94:366,369,367,36', '242,166,261,224,153,340,197,345,282,311,241,268,367', 3, '2014-11-30 13:24:17', '0000-00-00 00:00:00', '2014-11-30 13:24:17', '127.0.0.1'),
(120, 1, 'Tran Huu Nam', '11A0', '|18:70,69,71,68,|30:121,122,119,123,120,|16:62,61,63,|9:33,35,34,36,|21:83,82,81,|28:111,113,112,110,|12:45,46,48,47,|20:76,80,78,77,79,|15:57,58,59,60,|1:2,3,1,4,|3:10,12,11,9,|13:51,50,49,52,|2:7,5,8,6,|22:88,86,87,85,84,|23:90,91,93,89,92,', '68,119,61,33,81,111,45,77,60,1,9,49,5,84,89', 14, '2014-11-30 13:27:48', '0000-00-00 00:00:00', '2014-11-30 13:27:48', '127.0.0.1'),
(121, 1, 'Tran Huu Nam', '11A0', '|118:473,470,472,471,474,|2:6,8,5,7,|112:442,440,441,439,|14:55,54,56,53,|3:12,10,9,11,|1:2,4,3,1,|22:88,85,84,87,86,|16:62,61,63,|27:108,106,107,109,|110:434,433,432,431,|24:96,97,95,94,|29:114,115,118,117,116,|18:69,71,68,70,|13:49,50,51,52,|23:89,', '472,5,439,53,9,1,84,61,108,432,94,114,68,49,89,76,29,81', 17, '2014-11-30 13:35:01', '0000-00-00 00:00:00', '2014-11-30 13:35:01', '127.0.0.1'),
(122, 1, 'huynh nhat bao', '11a2', '|123:495,494,496,492,493,|21:81,82,83,|15:58,57,59,60,|121:487,484,485,486,|2:6,8,7,5,|80:309,308,|117:466,467,464,468,469,|18:70,69,68,71,|8:32,31,30,29,|23:91,92,89,90,93,', '492,81,60,0,5,308,469,68,32,89', 7, '2014-12-01 00:39:23', '0000-00-00 00:00:00', '2014-12-01 00:39:23', '192.168.1.6'),
(123, 1, 'ngô thị ngọc ánh', '11a2', '|21:81,83,82,|118:471,472,473,470,474,|112:440,442,441,439,|19:74,75,72,73,|2:7,8,6,5,|9:35,36,33,34,|120:483,481,482,480,|17:66,65,64,67,|30:123,122,119,121,120,|5:17,20,18,19,', '81,472,440,75,5,33,480,65,119,17', 7, '2014-12-01 00:39:16', '0000-00-00 00:00:00', '2014-12-01 00:39:16', '192.168.1.116'),
(124, 1, 'Cao Thị Xuân Cúc', '11a2', '|5:17,18,20,19,|9:36,33,35,34,|22:85,84,88,86,87,|21:81,82,83,|23:90,92,93,89,91,|15:57,59,58,60,|27:106,108,107,109,|117:464,468,466,467,469,|80:308,309,|110:434,431,432,433,', '17,33,84,81,92,0,0,0,0,0', 4, '2014-12-01 00:38:26', '0000-00-00 00:00:00', '2014-12-01 00:38:26', '192.168.1.2'),
(125, 1, 'nguyễn thị hương dân', '11a2', '|123:493,492,494,495,496,|1:3,2,1,4,|113:445,444,446,447,|5:20,19,18,17,|111:438,436,435,437,|80:308,309,|23:92,93,89,91,90,|31:125,126,127,124,128,|122:490,488,489,491,|120:481,480,482,483,', '492,1,444,17,437,309,89,126,488,0', 7, '2014-12-01 00:40:35', '0000-00-00 00:00:00', '2014-12-01 00:40:35', '192.168.1.108'),
(126, 1, 'Nguyễn Minh Dương', '11a2', '|121:486,485,484,487,|12:46,45,47,48,|23:92,89,93,91,90,|18:69,68,70,71,|16:62,63,61,|118:472,470,473,471,474,|9:36,34,35,33,|27:107,108,106,109,|19:74,72,73,75,|112:440,439,441,442,', '', 0, '2014-11-30 17:33:58', '0000-00-00 00:00:00', '0000-00-00 00:00:00', '192.168.1.230'),
(127, 1, 'nguyễn hồng đào', '11a2', '|18:70,71,69,68,|9:33,34,36,35,|114:451,452,449,448,450,|124:497,499,498,|14:53,54,55,56,|12:45,46,47,48,|120:482,480,481,483,|23:92,91,93,90,89,|2:7,5,8,6,|80:309,308,', '', 0, '2014-11-30 17:34:19', '0000-00-00 00:00:00', '0000-00-00 00:00:00', '192.168.1.28'),
(128, 1, 'nguyễn phan ngọc đạt', '11a2', '|2:6,7,8,5,|28:113,112,111,110,|29:117,118,116,114,115,|23:89,93,92,91,90,|121:487,485,484,486,|124:498,497,499,|109:429,428,427,430,|15:58,57,59,60,|11:41,42,43,44,|114:452,448,450,449,451,', '5,111,114,89,484,498,430,60,41,448', 7, '2014-12-01 00:45:04', '0000-00-00 00:00:00', '2014-12-01 00:45:04', '192.168.1.11'),
(129, 1, 'Do Tran Thien Dinh', '11a2', '|9:36,34,33,35,|2:5,7,6,8,|30:121,120,123,122,119,|120:482,480,481,483,|113:444,445,446,447,|119:478,476,475,479,477,|110:434,433,431,432,|8:31,30,29,32,|22:84,88,85,87,86,|13:51,49,50,52,', '', 0, '2014-11-30 17:38:58', '0000-00-00 00:00:00', '0000-00-00 00:00:00', '192.168.1.111'),
(130, 1, 'phan thi day', '11a2', '|110:432,433,431,434,|123:496,492,493,494,495,|8:29,32,31,30,|17:66,65,64,67,|2:8,6,5,7,|113:446,444,445,447,|80:309,308,|14:54,56,55,53,|20:76,79,80,77,78,|22:85,86,84,88,87,', '', 0, '2014-11-30 17:39:16', '0000-00-00 00:00:00', '0000-00-00 00:00:00', '192.168.1.12'),
(131, 1, 'Trần Tiến Đạt', '11a2', '|31:125,126,127,124,128,|119:479,476,478,475,477,|112:442,439,440,441,|111:438,437,436,435,|21:83,81,82,|3:10,9,11,12,|25:101,100,99,98,|11:42,43,41,44,|1:2,4,3,1,|16:61,63,62,', '', 0, '2014-11-30 17:39:35', '0000-00-00 00:00:00', '0000-00-00 00:00:00', '192.168.1.39'),
(132, 1, 'ngô thị ngọc ánh', '11a2', '|13:51,49,50,52,|113:444,445,446,447,|115:455,456,457,454,458,|28:111,112,113,110,|12:46,45,47,48,|124:498,499,497,|24:97,96,94,95,|3:9,12,10,11,|30:121,123,119,120,122,|16:62,63,61,', '', 0, '2014-11-30 17:39:38', '0000-00-00 00:00:00', '0000-00-00 00:00:00', '192.168.1.116'),
(133, 1, 'tran nguyen chau giang', '11a2', '|109:429,428,427,430,|16:63,62,61,|25:101,98,99,100,|124:499,497,498,|15:57,58,59,60,|112:440,441,439,442,|28:111,113,112,110,|22:84,85,88,86,87,|31:126,124,127,125,128,|23:90,89,91,93,92,', '428,61,98,498,60,441,113,88,128,92', 4, '2014-12-01 01:08:14', '0000-00-00 00:00:00', '2014-12-01 01:08:14', '192.168.1.6'),
(134, 1, 'Phan Thị Thúy Hằng', '11a2', '|23:93,90,92,89,91,|117:466,468,464,467,469,|124:497,499,498,|111:436,437,438,435,|11:44,41,43,42,|2:8,7,6,5,|20:80,76,78,79,77,|31:127,124,125,126,128,|123:495,496,492,493,494,|5:20,19,18,17,', '89,466,497,436,43,5,76,128,492,17', 7, '2014-12-01 01:08:21', '0000-00-00 00:00:00', '2014-12-01 01:08:21', '192.168.1.108'),
(135, 1, 'Phan Hoàng Hương Giang', '11a2', '|112:442,440,441,439,|17:66,65,64,67,|13:51,50,49,52,|8:31,29,30,32,|22:87,86,85,84,88,|80:308,309,|3:12,11,9,10,|30:120,121,123,119,122,|114:451,450,448,449,452,|122:488,491,489,490,', '442,64,0,29,84,309,11,119,451,489', 5, '2014-12-01 01:08:43', '0000-00-00 00:00:00', '2014-12-01 01:08:43', '192.168.1.2'),
(136, 1, 'Do Tran Thien Dinh', '11a2', '|112:439,442,441,440,|26:102,104,105,103,|8:29,32,31,30,|116:462,460,459,461,463,|3:11,12,10,9,|111:436,437,435,438,|121:486,485,484,487,|124:497,498,499,|16:63,61,62,|27:106,107,109,108,', '439,104,32,462,10,437,484,499,61,109', 3, '2014-12-01 01:21:13', '0000-00-00 00:00:00', '2014-12-01 01:21:13', '192.168.1.14'),
(137, 1, 'ngô thị ngọc ánh', '11a2', '|25:101,98,99,100,|14:54,53,56,55,|122:491,488,490,489,|115:454,455,456,457,458,|11:44,43,42,41,|2:8,5,7,6,|13:49,51,50,52,|27:107,109,108,106,|124:498,497,499,|112:440,441,439,442,', '98,53,488,458,41,5,52,108,497,439', 8, '2014-12-01 01:24:28', '0000-00-00 00:00:00', '2014-12-01 01:24:28', '192.168.1.116'),
(138, 1, 'tran huu nam', '11a21', '|117:467,464,466,468,469,|80:309,308,|122:491,488,489,490,|27:108,109,107,106,|20:76,80,79,78,77,|31:127,126,124,125,128,|112:440,439,441,442,|21:81,82,83,|1:3,2,4,1,|5:19,18,20,17,', '469,309,488,106,76,126,439,81,1,17', 9, '2014-12-01 01:45:26', '0000-00-00 00:00:00', '2014-12-01 01:45:26', '192.168.1.14'),
(139, 1, 'Tran Huu Nam', '11A0', '|30:120,123,121,122,119,|9:34,33,35,36,|122:489,490,488,491,|116:459,461,462,463,460,|1:1,2,3,4,|123:496,492,494,493,495,|27:109,107,108,106,|22:88,85,86,84,87,|3:12,11,9,10,|17:66,65,64,67,', '119,33,489,460,1,492,106,84,9,64', 9, '2014-12-03 15:16:39', '0000-00-00 00:00:00', '2014-12-03 15:16:39', '127.0.0.1'),
(140, 1, 'Tran Huu Nam', '11A0', '|17:64,67,65,66,|110:433,432,434,431,|116:461,459,462,463,460,|27:109,106,107,108,|122:490,491,488,489,|124:497,498,499,|20:78,77,80,79,76,|121:486,485,484,487,|29:114,117,116,118,115,|3:12,9,11,10,', '64,432,460,106,489,497,76,485,114,9', 9, '2014-12-03 15:23:27', '0000-00-00 00:00:00', '2014-12-03 15:23:27', '127.0.0.1'),
(141, 1, 'Tran Huu Nam', '11A0', '|31:125,127,124,126,128,|9:35,34,33,36,|124:499,497,498,|116:462,460,459,461,463,|20:77,80,79,78,76,|110:432,434,433,431,|1:4,2,1,3,|14:56,54,55,53,|11:43,44,42,41,|23:90,93,91,89,92,', '128,33,497,460,76,432,1,53,41,89', 10, '2014-12-03 17:09:28', '0000-00-00 00:00:00', '2014-12-03 17:09:28', '127.0.0.1'),
(142, 1, 'Tran Huu Nam', '11A0', '|80:309,308,|30:120,123,119,122,121,|19:75,72,73,74,|27:107,106,108,109,|14:55,56,54,53,|17:65,67,66,64,|118:471,470,473,472,474,|12:45,46,47,48,|13:49,51,50,52,|109:430,428,427,429,', '309,119,72,106,53,64,472,45,49,427', 10, '2014-12-03 17:26:10', '0000-00-00 00:00:00', '2014-12-03 17:26:10', '127.0.0.1');

-- --------------------------------------------------------

--
-- Table structure for table `tn_kiemtra`
--

CREATE TABLE IF NOT EXISTS `tn_kiemtra` (
  `maso` int(11) unsigned NOT NULL AUTO_INCREMENT,
  `kichhoat` tinyint(1) NOT NULL DEFAULT '1',
  `cauhoi` varchar(250) NOT NULL COMMENT 'Các câu hỏi',
  `socau` tinyint(2) unsigned NOT NULL DEFAULT '10' COMMENT 'Số câu trong bài KT',
  `sogiay` smallint(5) unsigned NOT NULL DEFAULT '300' COMMENT 'Số giây làm bài',
  `lop` tinyint(1) NOT NULL DEFAULT '0' COMMENT 'Khối lớp',
  `tenbai` varchar(250) NOT NULL,
  `ngaylam` timestamp NOT NULL DEFAULT CURRENT_TIMESTAMP ON UPDATE CURRENT_TIMESTAMP,
  PRIMARY KEY (`maso`)
) ENGINE=InnoDB  DEFAULT CHARSET=utf8 COMMENT='Bài kiểm tra trắc nghiệm' AUTO_INCREMENT=3 ;

--
-- Dumping data for table `tn_kiemtra`
--

INSERT INTO `tn_kiemtra` (`maso`, `kichhoat`, `cauhoi`, `socau`, `sogiay`, `lop`, `tenbai`, `ngaylam`) VALUES
(1, 1, '1,2,3,5,8,9,11,12,13,14,15,16,17,18,19,20,21,22,23,24,25,26,27,28,29,30,31,80,109,110,111,112,113,114,115,116,117,118,119,120,121,122,123,124', 10, 300, 11, 'Kiểm tra 15 phút - Bài 12: Kiểu xâu', '2014-12-01 00:58:00'),
(2, 1, '0,10,32,33,34,35,36,37,38,39,40,41,42,43,44,45,46,47,48,49,50,51,52,53,54,55,56,57,58,59,60,61,62,63,64,65,66,67,68,69,70,71,72,73,74,75,76,77,78,79,81,82,83,84,85,86,87,88,89,90,91,92,93,94,95,96,97,98,99,100,101,102,103,104,105,106,107,108', 20, 600, 12, 'Kiểm tra 15 phút - Chương 2', '2014-11-30 05:39:15');

-- --------------------------------------------------------

--
-- Table structure for table `tn_loaitru`
--

CREATE TABLE IF NOT EXISTS `tn_loaitru` (
  `cau1` int(11) NOT NULL,
  `cau2` int(11) NOT NULL,
  UNIQUE KEY `cau1_2` (`cau1`,`cau2`)
) ENGINE=InnoDB DEFAULT CHARSET=utf8;

--
-- Dumping data for table `tn_loaitru`
--

INSERT INTO `tn_loaitru` (`cau1`, `cau2`) VALUES
(5, 3),
(8, 11),
(8, 12),
(9, 24),
(12, 11),
(15, 14),
(16, 80),
(18, 17),
(18, 25),
(18, 26),
(18, 130),
(20, 19),
(24, 9),
(25, 17),
(25, 18),
(26, 17),
(26, 18),
(26, 25),
(27, 28),
(28, 27),
(29, 30),
(31, 29),
(31, 30),
(34, 35),
(34, 36),
(34, 37),
(35, 34),
(35, 36),
(35, 37),
(36, 34),
(36, 35),
(36, 37),
(37, 34),
(37, 35),
(37, 36),
(38, 39),
(38, 48),
(39, 38),
(43, 40),
(46, 40),
(46, 43),
(46, 47),
(47, 40),
(47, 43),
(48, 38),
(48, 39),
(49, 38),
(49, 39),
(49, 48),
(52, 53),
(53, 52),
(54, 55),
(54, 56),
(55, 54),
(55, 56),
(56, 54),
(56, 55),
(58, 57),
(59, 60),
(60, 59),
(69, 68),
(70, 69),
(73, 72),
(75, 74),
(76, 74),
(76, 75),
(77, 79),
(79, 77),
(80, 16),
(82, 81),
(82, 83),
(82, 84),
(82, 85),
(83, 81),
(83, 82),
(83, 84),
(83, 85),
(84, 81),
(84, 82),
(84, 83),
(85, 81),
(85, 82),
(85, 83),
(85, 84),
(86, 66),
(91, 90),
(92, 90),
(92, 91),
(93, 90),
(93, 91),
(93, 92),
(95, 94),
(98, 97),
(99, 97),
(99, 98),
(100, 97),
(100, 98),
(100, 99),
(102, 101),
(104, 103),
(106, 105),
(107, 105),
(107, 106),
(110, 109),
(111, 109),
(111, 110),
(113, 112),
(115, 114),
(116, 114),
(116, 115),
(117, 114),
(117, 115),
(117, 116),
(118, 114),
(118, 115),
(118, 116),
(118, 117),
(119, 114),
(119, 115),
(119, 116),
(119, 117),
(119, 118),
(121, 120),
(124, 21),
(125, 21),
(125, 124),
(126, 19),
(126, 20),
(127, 19),
(127, 20),
(127, 126),
(128, 19),
(128, 20),
(128, 126),
(128, 127),
(129, 19),
(129, 20),
(129, 126),
(129, 127),
(129, 128),
(130, 17),
(130, 18),
(130, 25),
(130, 26),
(131, 17),
(131, 18),
(131, 25),
(131, 26),
(131, 130),
(132, 122),
(133, 33),
(134, 33),
(134, 133);

-- --------------------------------------------------------

--
-- Table structure for table `tn_traloi`
--

CREATE TABLE IF NOT EXISTS `tn_traloi` (
  `maso` int(11) unsigned NOT NULL AUTO_INCREMENT,
  `cauhoi` int(11) NOT NULL DEFAULT '0' COMMENT 'Câu hỏi nào',
  `thutu` tinyint(1) NOT NULL DEFAULT '1' COMMENT 'Cố định câu trả lời cuối/đầu danh sách',
  `noidung` varchar(200) NOT NULL,
  `dung` tinyint(1) NOT NULL DEFAULT '0' COMMENT 'Đúng hay sai?',
  `luotchon` int(10) NOT NULL DEFAULT '0',
  `ngaylam` timestamp NOT NULL DEFAULT CURRENT_TIMESTAMP ON UPDATE CURRENT_TIMESTAMP,
  PRIMARY KEY (`maso`)
) ENGINE=InnoDB  DEFAULT CHARSET=utf8 COMMENT='Các câu trả lời' AUTO_INCREMENT=548 ;

--
-- Dumping data for table `tn_traloi`
--

INSERT INTO `tn_traloi` (`maso`, `cauhoi`, `thutu`, `noidung`, `dung`, `luotchon`, `ngaylam`) VALUES
(1, 1, 1, 'kí tự', 1, 87, '2014-12-03 17:09:28'),
(2, 1, 1, 'chữ số', 0, 0, '2014-11-11 14:02:29'),
(3, 1, 1, 'số', 0, 2, '2014-11-11 14:03:01'),
(4, 1, 1, 'chữ cái', 0, 0, '2014-11-11 14:03:42'),
(5, 2, 1, 'độ dài', 1, 81, '2014-11-11 14:24:47'),
(6, 2, 1, 'khả năng', 0, 1, '2014-11-11 14:25:02'),
(7, 2, 1, 'sức chứa', 0, 1, '2014-11-11 14:25:11'),
(8, 2, 1, 'chiều rộng', 0, 0, '2014-11-11 14:25:23'),
(9, 3, 1, '0', 1, 28, '2014-12-03 15:23:27'),
(10, 3, 1, '1', 0, 1, '2014-11-11 14:26:25'),
(11, 3, 1, '255', 0, 12, '2014-11-11 14:27:09'),
(12, 3, 1, '5', 0, 0, '2014-11-11 14:27:37'),
(13, 4, 1, 'array', 1, 0, '2014-11-11 16:22:54'),
(14, 4, 1, 'raray', 0, 0, '2014-11-11 16:23:08'),
(15, 4, 1, 'aray', 0, 0, '2014-11-11 16:23:35'),
(16, 4, 1, 'yarar', 0, 0, '2014-11-11 16:23:59'),
(17, 5, 1, 'có độ dài bằng 0', 1, 53, '2014-11-12 00:09:34'),
(18, 5, 1, 'có độ dài bằng 1', 0, 0, '2014-11-12 00:09:49'),
(19, 5, 1, 'chỉ gồm các kí tự giống nhau', 0, 0, '2014-11-12 00:10:24'),
(20, 5, 1, 'chỉ chứa dấu cách', 0, 1, '2014-11-12 00:10:52'),
(21, 6, 1, '3', 1, 0, '2014-11-12 12:43:39'),
(22, 6, 1, '1', 0, 0, '2014-11-12 12:43:45'),
(23, 6, 1, '2', 0, 0, '2014-11-12 12:43:49'),
(24, 6, 1, '4', 0, 0, '2014-11-12 12:43:53'),
(25, 7, 1, '6', 1, 0, '2014-11-12 12:46:57'),
(26, 7, 1, '3', 0, 0, '2014-11-12 12:47:02'),
(27, 7, 1, '5', 0, 0, '2014-11-12 12:47:07'),
(28, 7, 1, '4', 0, 0, '2014-11-12 12:47:13'),
(29, 8, 1, 's[1]', 1, 24, '2014-11-12 12:52:15'),
(30, 8, 1, 's[0]', 0, 0, '2014-11-12 12:52:21'),
(31, 8, 1, 's(1)', 0, 0, '2014-11-12 12:52:31'),
(32, 8, 1, 's(0)', 0, 2, '2014-11-12 12:52:38'),
(33, 9, 1, '5', 1, 61, '2014-12-03 17:09:28'),
(34, 9, 1, '4', 0, 0, '2014-11-12 12:59:27'),
(35, 9, 1, '6', 0, 0, '2014-11-12 12:59:35'),
(36, 9, 1, '8', 0, 0, '2014-11-12 12:59:46'),
(37, 10, 1, 'Biểu mẫu', 1, 2, '2014-11-22 02:30:14'),
(38, 10, 1, 'Mẫu hỏi', 0, 0, '2014-11-22 02:30:22'),
(39, 10, 1, 'Bảng', 0, 0, '2014-11-22 02:30:32'),
(40, 10, 1, 'Báo cáo', 0, 0, '2014-11-22 02:30:38'),
(41, 11, 1, 's[2]', 1, 36, '2014-12-03 17:09:28'),
(42, 11, 1, 's(2)', 0, 0, '2014-11-23 14:34:06'),
(43, 11, 1, 's[1]', 0, 1, '2014-11-23 14:34:12'),
(44, 11, 1, 's(1)', 0, 0, '2014-11-23 14:34:19'),
(45, 12, 1, 'x[1]', 1, 33, '2014-12-03 17:26:10'),
(46, 12, 1, 'x(1)', 0, 0, '2014-11-23 14:36:15'),
(47, 12, 2, 'Các câu A, B đều đúng', 0, 0, '2014-11-23 14:36:31'),
(48, 12, 2, 'Cả hai câu A, B đều sai', 0, 0, '2014-11-23 14:37:26'),
(49, 13, 1, 'Lưu trữ các thông tin dạng kí tự, như họ tên, địa chỉ,...', 1, 60, '2014-12-03 17:26:10'),
(50, 13, 1, 'Lưu trữ các thông tin loại số và ngày tháng', 0, 1, '2014-11-23 14:41:49'),
(51, 13, 1, 'Lưu trữ các thông tin lớn, phức tạp', 0, 0, '2014-11-23 14:43:03'),
(52, 13, 2, 'Tất cả các câu trên đều đúng', 0, 15, '2014-11-23 14:43:55'),
(53, 14, 1, '255', 1, 45, '2014-12-03 17:26:10'),
(54, 14, 1, '500', 0, 0, '2014-11-23 15:31:22'),
(55, 14, 1, '200', 0, 0, '2014-11-23 15:31:38'),
(56, 14, 1, '205', 0, 0, '2014-11-23 15:32:04'),
(57, 15, 1, '205', 0, 0, '2014-11-23 15:34:28'),
(58, 15, 1, '200', 0, 0, '2014-11-23 15:34:41'),
(59, 15, 1, '500', 0, 1, '2014-11-23 15:34:46'),
(60, 15, 2, 'Các câu trên đều sai', 1, 44, '2014-11-23 15:35:09'),
(61, 16, 1, 'Phải', 1, 61, '2014-11-23 15:50:38'),
(62, 16, 1, 'Không', 0, 1, '2014-11-23 15:50:44'),
(63, 16, 1, 'Còn tuỳ trường hợp', 0, 4, '2014-11-23 15:51:25'),
(64, 17, 1, '''12034''', 1, 33, '2014-12-03 17:26:10'),
(65, 17, 1, '''154''', 0, 1, '2014-11-23 15:57:58'),
(66, 17, 1, '''460''', 0, 0, '2014-11-23 15:59:52'),
(67, 17, 1, '''34120''', 0, 0, '2014-11-23 16:00:04'),
(68, 18, 1, '''34120''', 0, 32, '2014-12-04 15:36:13'),
(69, 18, 1, '''12034''', 0, 2, '2014-11-23 16:02:00'),
(70, 18, 1, '''154''', 0, 0, '2014-11-23 16:02:21'),
(71, 18, 1, '''460''', 0, 0, '2014-11-23 16:02:29'),
(72, 19, 1, '''11A3''', 1, 35, '2014-12-03 17:26:10'),
(73, 19, 1, '''11A2''', 0, 0, '2014-11-23 16:04:48'),
(74, 19, 1, '''11A1''', 0, 0, '2014-11-23 16:04:57'),
(75, 19, 1, '''11A11''', 0, 5, '2014-11-23 16:05:14'),
(76, 20, 1, '''Hoai Hai''', 1, 42, '2014-12-03 17:09:28'),
(77, 20, 1, '''Hoai My''', 0, 1, '2014-11-23 16:07:11'),
(78, 20, 1, '''Hoai Huong''', 0, 0, '2014-11-23 16:07:20'),
(79, 20, 1, '''Hoai Thanh''', 0, 0, '2014-11-23 16:07:30'),
(80, 20, 1, '''Hoai Xuan''', 0, 7, '2014-11-23 16:07:40'),
(81, 21, 1, '''11A1'' < ''11A10''', 1, 83, '2014-11-23 16:10:17'),
(82, 21, 1, '''11A1'' > ''11A10''', 0, 1, '2014-11-23 16:10:32'),
(83, 21, 1, '''11A1'' = ''11A10''', 0, 0, '2014-11-23 16:10:44'),
(84, 22, 1, 'U', 1, 43, '2014-12-03 15:16:39'),
(85, 22, 1, 'Y', 0, 1, '2014-11-25 04:28:14'),
(86, 22, 1, 'N', 0, 4, '2014-11-25 04:28:18'),
(87, 22, 1, 'E', 0, 0, '2014-11-25 04:28:23'),
(88, 22, 1, 'G', 0, 4, '2014-11-25 04:28:28'),
(89, 23, 1, '4', 1, 50, '2014-12-03 17:09:28'),
(90, 23, 1, '5', 0, 2, '2014-11-25 04:32:58'),
(91, 23, 1, '6', 0, 1, '2014-11-25 04:33:06'),
(92, 23, 1, '3', 0, 2, '2014-11-25 04:33:13'),
(93, 23, 1, '8', 0, 0, '2014-11-25 04:33:21'),
(94, 24, 1, '6', 1, 21, '2014-11-26 02:11:19'),
(95, 24, 1, '7', 0, 0, '2014-11-26 02:11:40'),
(96, 24, 1, '8', 0, 0, '2014-11-26 02:11:43'),
(97, 24, 1, '5', 0, 0, '2014-11-26 02:11:47'),
(98, 25, 1, '''12340''', 1, 14, '2014-11-26 02:15:20'),
(99, 25, 1, '''34012''', 0, 0, '2014-11-26 02:15:29'),
(100, 25, 1, '''352''', 0, 0, '2014-11-26 02:14:57'),
(101, 25, 1, '''460''', 0, 0, '2014-11-26 02:15:12'),
(102, 26, 1, '''34012''', 1, 10, '2014-11-26 02:16:54'),
(103, 26, 1, '''12034''', 0, 0, '2014-11-26 02:17:00'),
(104, 26, 1, '''460''', 0, 1, '2014-11-26 02:17:09'),
(105, 26, 1, '''352''', 0, 0, '2014-11-26 02:17:16'),
(106, 27, 1, '''ABC''', 1, 13, '2014-12-03 17:26:10'),
(107, 27, 1, '''ABCBADC''', 0, 3, '2014-11-26 02:23:49'),
(108, 27, 1, '''CBABCAD''', 0, 15, '2014-11-26 02:24:04'),
(109, 27, 1, '''CBAD''', 0, 1, '2014-11-26 02:24:15'),
(110, 28, 1, '''ABC''', 0, 0, '2014-11-26 02:24:35'),
(111, 28, 1, '''CBABCAD''', 1, 17, '2014-11-26 02:24:57'),
(112, 28, 1, '''CBAD''', 0, 2, '2014-11-26 02:25:05'),
(113, 28, 1, '''ABCBADC''', 0, 5, '2014-11-26 02:25:14'),
(114, 29, 1, '2', 1, 17, '2014-12-03 15:23:27'),
(115, 29, 1, '5', 0, 1, '2014-11-26 02:29:20'),
(116, 29, 1, '7', 0, 2, '2014-11-26 02:29:27'),
(117, 29, 1, '1', 0, 1, '2014-11-26 02:29:34'),
(118, 29, 1, '0', 0, 1, '2014-11-26 02:29:55'),
(119, 30, 1, '0', 1, 16, '2014-12-03 17:26:10'),
(120, 30, 1, '2', 0, 3, '2014-11-26 02:30:14'),
(121, 30, 1, '5', 0, 0, '2014-11-26 02:30:18'),
(122, 30, 1, '7', 0, 1, '2014-11-26 02:30:21'),
(123, 30, 1, '1', 0, 0, '2014-11-26 02:30:25'),
(124, 31, 1, '1', 0, 0, '2014-11-26 02:31:11'),
(125, 31, 1, '2', 0, 2, '2014-11-26 02:31:18'),
(126, 31, 1, '5', 0, 6, '2014-11-26 02:31:22'),
(127, 31, 1, '7', 0, 0, '2014-11-26 02:31:25'),
(128, 31, 2, 'Các câu trên đều sai', 1, 9, '2014-12-03 17:09:28'),
(129, 10, 2, 'Các câu trên đều sai', 0, 0, '2014-11-28 00:11:44'),
(130, 32, 1, 'Biểu mẫu', 1, 3, '2014-11-28 00:13:35'),
(131, 32, 1, 'Mẫu hỏi', 0, 0, '2014-11-28 00:13:39'),
(132, 32, 1, 'Bảng', 0, 0, '2014-11-28 00:13:49'),
(133, 32, 1, 'Báo cáo', 0, 0, '2014-11-28 00:13:53'),
(134, 33, 1, 'Table', 1, 1, '2014-11-28 00:16:00'),
(135, 33, 1, 'Query', 0, 0, '2014-11-28 00:16:13'),
(136, 33, 1, 'Form', 0, 0, '2014-11-28 00:16:21'),
(137, 33, 1, 'Report', 0, 0, '2014-11-28 00:19:18'),
(138, 34, 1, 'Tables', 1, 1, '2014-11-28 00:43:12'),
(139, 34, 1, 'Queries', 0, 0, '2014-11-28 00:43:20'),
(140, 34, 1, 'Forms', 0, 0, '2014-11-28 00:43:24'),
(141, 34, 1, 'Reports', 0, 0, '2014-11-28 00:43:28'),
(142, 35, 1, 'Forms', 1, 1, '2014-11-28 00:47:41'),
(143, 35, 1, 'Tables', 0, 0, '2014-11-28 00:47:47'),
(144, 35, 1, 'Queries', 0, 0, '2014-11-28 00:47:56'),
(145, 35, 1, 'Reports', 0, 0, '2014-11-28 00:48:02'),
(146, 36, 1, 'Queries', 1, 1, '2014-11-28 00:49:44'),
(147, 36, 1, 'Forms', 0, 0, '2014-11-28 00:49:47'),
(148, 36, 1, 'Tables', 0, 0, '2014-11-28 00:49:51'),
(149, 36, 1, 'Reports', 0, 0, '2014-11-28 00:49:57'),
(150, 37, 1, 'Reports', 1, 0, '2014-11-28 00:50:57'),
(151, 37, 1, 'Tables', 0, 0, '2014-11-28 00:51:21'),
(152, 37, 1, 'Forms', 0, 0, '2014-11-28 00:51:05'),
(153, 37, 1, 'Queries', 0, 1, '2014-11-28 00:51:11'),
(154, 38, 1, 'Xoá 1 bản ghi', 1, 0, '2014-11-28 02:06:37'),
(155, 38, 1, 'Xoá nhiều bản ghi', 0, 0, '2014-11-28 02:06:45'),
(156, 38, 1, 'Xoá 1 trường', 0, 0, '2014-11-28 02:07:01'),
(157, 38, 1, 'Xoá nhiều trường', 0, 0, '2014-11-28 02:07:18'),
(158, 39, 1, 'Xoá nhiều bản ghi', 0, 0, '2014-11-28 02:13:14'),
(159, 39, 1, 'Xoá nhiều trường', 0, 0, '2014-11-28 02:13:25'),
(160, 39, 1, 'Xoá 1 trường', 0, 0, '2014-11-28 02:13:38'),
(161, 39, 2, 'Các câu trên đều sai', 1, 2, '2014-11-28 02:13:47'),
(162, 40, 1, '[img]sortdes.png[/img]', 0, 0, '2014-11-28 02:21:19'),
(163, 40, 1, '[img]sortasc.png[/img]', 1, 2, '2014-11-28 02:21:41'),
(164, 40, 2, 'Các câu A, B đều đúng', 0, 0, '2014-11-28 02:21:56'),
(165, 40, 2, 'Cả hai câu A, B đều sai', 0, 0, '2014-11-28 02:22:07'),
(166, 43, 1, '[img]sortdes.png[/img]', 1, 3, '2014-11-28 04:40:49'),
(167, 43, 1, '[img]sortasc.png[/img]', 0, 0, '2014-11-28 04:40:15'),
(168, 43, 2, 'Cả hai câu A, B đều sai', 0, 1, '2014-11-28 04:40:25'),
(169, 43, 2, 'Các câu A, B đều đúng', 0, 0, '2014-11-28 04:40:39'),
(171, 46, 1, '[img]sortdes.png[/img]', 1, 0, '2014-11-28 05:04:13'),
(172, 46, 1, '[img]sortasc.png[/img]', 0, 0, '2014-11-28 05:04:13'),
(173, 46, 2, 'Cả hai câu A, B đều sai', 0, 0, '2014-11-28 05:04:13'),
(174, 46, 2, 'Các câu A, B đều đúng', 0, 0, '2014-11-28 05:04:13'),
(175, 47, 1, '[img]sortdes.png[/img]', 0, 0, '2014-11-28 05:11:16'),
(176, 47, 1, '[img]sortasc.png[/img]', 1, 0, '2014-11-28 05:11:16'),
(177, 47, 2, 'Các câu A, B đều đúng', 0, 0, '2014-11-28 05:11:16'),
(178, 47, 2, 'Cả hai câu A, B đều sai', 0, 0, '2014-11-28 05:11:16'),
(179, 48, 1, 'Xoá 1 bản ghi', 0, 0, '2014-11-28 05:23:59'),
(180, 48, 1, 'Xoá nhiều bản ghi', 1, 0, '2014-11-28 05:24:06'),
(181, 48, 1, 'Xoá 1 trường', 0, 0, '2014-11-28 05:22:57'),
(182, 48, 1, 'Xoá nhiều trường', 0, 0, '2014-11-28 05:22:57'),
(183, 49, 1, 'Xoá 1 bản ghi', 0, 0, '2014-11-28 05:32:04'),
(184, 49, 1, 'Xoá nhiều trường', 0, 0, '2014-11-28 05:29:02'),
(185, 49, 1, 'Xoá 1 trường', 0, 0, '2014-11-28 05:29:02'),
(186, 49, 2, 'Các câu trên đều sai', 1, 1, '2014-11-28 05:29:03'),
(187, 50, 1, 'mdb', 1, 1, '2014-11-28 15:07:51'),
(188, 50, 1, 'mbd', 0, 0, '2014-11-28 15:07:59'),
(189, 50, 1, 'dmb', 0, 0, '2014-11-28 15:08:15'),
(190, 50, 1, 'bmd', 0, 0, '2014-11-28 15:08:32'),
(191, 50, 1, 'bdm', 0, 0, '2014-11-28 15:08:40'),
(192, 51, 1, '4', 1, 1, '2014-11-28 15:10:51'),
(193, 51, 1, '3', 0, 0, '2014-11-28 15:10:54'),
(194, 51, 1, '2', 0, 0, '2014-11-28 15:10:55'),
(195, 51, 1, '5', 0, 0, '2014-11-28 15:11:07'),
(196, 51, 1, '7', 0, 0, '2014-11-28 15:11:14'),
(197, 52, 1, 'Thay đổi cấu trúc, cách trình bày và định dạng của đối tượng', 1, 1, '2014-11-28 15:14:28'),
(198, 52, 1, 'Hiển thị dữ liệu; cho phép xem, xoá hoặc thay đổi các dữ liệu đã có', 0, 0, '2014-11-28 15:15:13'),
(199, 52, 2, 'Các câu A, B đều đúng', 0, 0, '2014-11-28 15:15:35'),
(200, 52, 1, 'Cả hai câu A, B đều sai', 0, 0, '2014-11-28 15:15:41'),
(201, 53, 1, 'Thay đổi cấu trúc, cách trình bày và định dạng của đối tượng', 0, 2, '2014-11-28 15:16:50'),
(202, 53, 1, 'Hiển thị dữ liệu; cho phép xem, xoá hoặc thay đổi các dữ liệu đã có', 1, 1, '2014-11-28 15:16:59'),
(203, 53, 2, 'Các câu A, B đều đúng', 0, 0, '2014-11-28 15:15:58'),
(204, 53, 2, 'Cả hai câu A, B đều sai', 0, 0, '2014-11-28 15:17:08'),
(205, 54, 1, 'từng bước', 1, 1, '2014-11-28 15:21:27'),
(206, 54, 1, 'chi tiết', 0, 0, '2014-11-28 15:21:37'),
(207, 54, 1, 'tự động', 0, 0, '2014-11-28 15:21:54'),
(208, 54, 1, 'nhanh chóng', 0, 0, '2014-11-28 15:22:23'),
(209, 55, 1, 'cụ thể', 0, 0, '2014-11-28 15:24:22'),
(210, 55, 1, 'chi tiết', 0, 0, '2014-11-28 15:22:30'),
(211, 55, 1, 'hoàn hảo', 0, 0, '2014-11-28 15:24:51'),
(213, 55, 1, 'nhanh chóng', 1, 2, '2014-11-28 15:23:43'),
(214, 56, 1, 'dự án', 0, 0, '2014-11-28 15:27:44'),
(215, 56, 1, 'đối tượng', 0, 0, '2014-11-28 15:26:57'),
(216, 56, 1, 'dữ liệu', 0, 0, '2014-11-28 15:26:42'),
(217, 56, 1, 'chương trình', 1, 0, '2014-11-28 15:26:27'),
(218, 57, 1, 'Create table in Design view', 1, 1, '2014-11-28 15:30:34'),
(219, 57, 1, 'Create table by using wizard', 0, 0, '2014-11-28 15:30:44'),
(220, 57, 1, 'Create table by entering data', 0, 0, '2014-11-28 15:30:54'),
(221, 57, 2, 'Các câu trên đều sai', 0, 0, '2014-11-28 15:31:27'),
(222, 58, 2, 'Create table in Design view', 0, 0, '2014-11-28 15:33:06'),
(223, 58, 1, 'Create table by using wizard', 0, 0, '2014-11-28 15:31:50'),
(224, 58, 1, 'Create table by entering data', 0, 1, '2014-11-28 15:31:50'),
(225, 58, 2, 'Cả hai câu A, B đều đúng', 1, 2, '2014-11-28 15:33:51'),
(226, 59, 1, 'cột', 1, 1, '2014-11-28 15:35:50'),
(227, 59, 1, 'dòng', 0, 0, '2014-11-28 15:35:55'),
(228, 59, 1, 'tiêu đề', 0, 0, '2014-11-28 15:36:27'),
(229, 59, 2, 'Các câu trên đều sai', 0, 0, '2014-11-28 15:36:42'),
(230, 60, 1, 'cột', 0, 0, '2014-11-28 15:37:43'),
(231, 60, 1, 'dòng', 1, 2, '2014-11-28 15:37:49'),
(232, 60, 1, 'tiêu đề', 0, 0, '2014-11-28 15:36:50'),
(233, 60, 2, 'Các câu trên đều sai', 0, 0, '2014-11-28 15:36:50'),
(234, 61, 1, 'Text', 1, 1, '2014-11-28 15:40:56'),
(235, 61, 1, 'Date/Time', 0, 0, '2014-11-28 15:41:08'),
(236, 61, 1, 'Number', 0, 0, '2014-11-28 15:41:13'),
(237, 61, 1, 'Yes/No', 0, 0, '2014-11-28 15:41:24'),
(238, 62, 1, 'Text', 1, 1, '2014-11-28 15:41:49'),
(239, 62, 1, 'Date/Time', 0, 0, '2014-11-28 15:41:49'),
(240, 62, 1, 'Number', 0, 0, '2014-11-28 15:41:49'),
(241, 62, 1, 'Yes/No', 0, 1, '2014-11-28 15:41:49'),
(242, 63, 1, 'Text', 0, 1, '2014-11-28 15:50:55'),
(243, 63, 1, 'Date/Time', 1, 0, '2014-11-28 15:51:03'),
(244, 63, 1, 'Number', 0, 0, '2014-11-28 15:50:13'),
(245, 63, 1, 'Yes/No', 0, 0, '2014-11-28 15:50:13'),
(246, 64, 1, 'Text', 0, 0, '2014-11-28 15:51:13'),
(247, 64, 1, 'Date/Time', 0, 0, '2014-11-28 15:52:41'),
(248, 64, 1, 'Number', 0, 0, '2014-11-28 15:51:13'),
(249, 64, 1, 'Yes/No', 1, 0, '2014-11-28 15:52:48'),
(250, 65, 1, 'các cột trong bảng', 1, 1, '2014-11-28 15:54:39'),
(251, 65, 1, 'các dòng trong bảng', 0, 0, '2014-11-28 15:54:55'),
(252, 65, 2, 'Các câu A, B đều đúng', 0, 0, '2014-11-28 15:55:14'),
(253, 65, 2, 'Cả hai câu A, B đều sai', 0, 0, '2014-11-28 15:55:23'),
(254, 66, 1, '10', 0, 0, '2014-11-28 15:59:21'),
(255, 66, 1, '20', 0, 0, '2014-11-28 16:00:09'),
(256, 66, 1, '40', 1, 3, '2014-11-28 16:00:15'),
(257, 66, 1, '80', 0, 0, '2014-11-28 16:00:26'),
(258, 67, 1, 'Được', 1, 1, '2014-11-28 16:03:27'),
(259, 67, 1, 'Không', 0, 0, '2014-11-28 16:03:44'),
(260, 67, 1, 'Khi mới tạo bảng thì được, sau đó không thể thay đổi được', 0, 0, '2014-11-28 16:05:31'),
(261, 68, 1, 'Khoá chính phải là 1 trường', 0, 1, '2014-11-28 16:09:50'),
(262, 68, 1, 'Khoá chính có thể gồm nhiều trường', 1, 0, '2014-11-28 16:10:13'),
(264, 69, 1, 'Khoá chính không được có giá trị trùng lặp', 1, 1, '2014-11-28 16:15:42'),
(265, 69, 1, 'Khoá chính không được quá dài', 0, 0, '2014-11-28 16:16:45'),
(266, 69, 1, 'Khoá chính không được gồm nhiều trường', 0, 0, '2014-11-28 16:17:04'),
(267, 69, 2, 'Các câu trên đều đúng', 0, 0, '2014-11-28 16:17:30'),
(268, 70, 1, 'Khoá chính không được có giá trị trùng lặp', 0, 1, '2014-11-28 16:18:41'),
(269, 70, 1, 'Khoá chính không được bỏ trống (không có giá trị)', 0, 0, '2014-11-28 16:19:17'),
(270, 70, 2, 'Các câu A, B đều đúng', 1, 1, '2014-11-28 16:19:41'),
(271, 70, 2, 'Cả hai câu A, B đều sai', 0, 0, '2014-11-28 16:19:50'),
(272, 71, 1, 'thay đổi', 1, 2, '2014-11-28 16:25:24'),
(273, 71, 1, 'thêm bớt', 0, 0, '2014-11-28 16:25:37'),
(274, 71, 1, 'bổ sung', 0, 0, '2014-11-28 16:25:46'),
(275, 71, 1, 'lưu', 0, 0, '2014-11-28 16:26:26'),
(276, 72, 1, 'Bị ẩn đi', 1, 2, '2014-11-29 00:40:27'),
(277, 72, 1, 'Bị xoá đi', 0, 0, '2014-11-29 00:40:35'),
(278, 72, 1, 'Bị chuyển đi bảng khác', 0, 0, '2014-11-29 00:41:04'),
(279, 72, 2, 'Các câu trên đều sai', 0, 0, '2014-11-29 00:41:12'),
(280, 73, 1, 'Bị ẩn đi', 0, 0, '2014-11-29 00:53:55'),
(281, 73, 1, 'Bị xoá đi', 0, 0, '2014-11-29 00:53:02'),
(282, 73, 1, 'Bị chuyển đi bảng khác', 0, 1, '2014-11-29 00:53:02'),
(283, 73, 2, 'Các câu trên đều sai', 1, 0, '2014-11-29 00:54:06'),
(284, 74, 1, '[img]filtera.png[/img]', 0, 0, '2014-11-29 00:59:51'),
(285, 74, 1, '[img]filterb.png[/img]', 0, 0, '2014-11-29 00:59:58'),
(286, 74, 1, '[img]filterc.png[/img]', 1, 1, '2014-11-29 01:00:04'),
(287, 74, 2, 'Các câu A, B đều đúng', 0, 0, '2014-11-29 01:00:34'),
(288, 75, 1, '[img]filtera.png[/img]', 1, 0, '2014-11-29 01:01:44'),
(289, 75, 1, '[img]filterb.png[/img]', 0, 0, '2014-11-29 01:00:41'),
(290, 75, 1, '[img]filterc.png[/img]', 0, 0, '2014-11-29 01:01:37'),
(291, 75, 2, 'Các câu A, B đều đúng', 0, 0, '2014-11-29 01:00:41'),
(292, 76, 1, '[img]filtera.png[/img]', 0, 0, '2014-11-29 01:02:47'),
(293, 76, 1, '[img]filterb.png[/img]', 1, 0, '2014-11-29 01:02:56'),
(294, 76, 1, '[img]filterc.png[/img]', 0, 0, '2014-11-29 01:02:06'),
(295, 76, 2, 'Các câu A, B đều đúng', 0, 0, '2014-11-29 01:02:06'),
(296, 77, 1, 'Any Part of Field', 0, 0, '2014-11-29 01:34:42'),
(297, 77, 1, 'Whole Field', 0, 0, '2014-11-29 01:34:51'),
(298, 77, 1, 'Start of Field', 1, 0, '2014-11-29 01:35:00'),
(299, 77, 2, 'Các câu A, B đều đúng', 0, 0, '2014-11-29 01:35:16'),
(304, 79, 1, 'Any Part of Field', 1, 1, '2014-11-29 01:37:50'),
(305, 79, 1, 'Whole Field', 0, 0, '2014-11-29 01:36:25'),
(306, 79, 1, 'Start of Field', 0, 0, '2014-11-29 01:37:40'),
(307, 79, 2, 'Các câu A, B đều đúng', 0, 0, '2014-11-29 01:36:25'),
(308, 80, 1, 'Phải', 0, 9, '2014-11-29 02:17:21'),
(309, 80, 1, 'Không', 1, 8, '2014-12-03 17:26:10'),
(311, 81, 1, 'Bảng', 0, 1, '2014-11-29 04:18:13'),
(312, 81, 1, 'Mẫu hỏi', 0, 0, '2014-11-29 04:18:21'),
(313, 81, 2, 'Báo cáo', 0, 0, '2014-11-29 04:18:39'),
(314, 81, 2, 'Các câu A, B đều đúng', 1, 0, '2014-11-29 04:18:48'),
(315, 82, 1, 'Bảng', 0, 0, '2014-11-29 04:19:00'),
(316, 82, 1, 'Mẫu hỏi', 0, 0, '2014-11-29 04:19:01'),
(317, 82, 2, 'Biểu mẫu', 0, 0, '2014-11-29 04:21:40'),
(318, 82, 2, 'Các câu A, B đều đúng', 1, 0, '2014-11-29 04:19:01'),
(319, 83, 1, 'Bảng', 0, 0, '2014-11-29 04:20:46'),
(320, 83, 1, 'Mẫu hỏi', 0, 0, '2014-11-29 04:20:46'),
(321, 83, 2, 'Báo cáo', 0, 0, '2014-11-29 04:22:08'),
(322, 83, 2, 'Các câu A, B đều đúng', 1, 1, '2014-11-29 04:20:46'),
(323, 84, 0, 'Bảng', 0, 0, '2014-11-29 04:24:00'),
(324, 84, 0, 'Mẫu hỏi', 0, 0, '2014-11-29 04:24:07'),
(325, 84, 1, 'Báo cáo', 0, 0, '2014-11-29 04:24:19'),
(326, 84, 2, 'Các câu A, B đều đúng', 1, 0, '2014-11-29 04:22:59'),
(328, 84, 1, 'Các câu B, C đều đúng', 0, 0, '2014-11-29 04:25:27'),
(329, 85, 1, 'Bảng', 0, 0, '2014-11-29 04:30:20'),
(330, 85, 1, 'Mẫu hỏi', 0, 0, '2014-11-29 04:30:10'),
(331, 85, 0, 'Báo cáo', 0, 0, '2014-11-29 04:30:03'),
(332, 85, 2, 'Các câu A, B đều đúng', 0, 0, '2014-11-29 04:30:29'),
(333, 85, 1, 'Các câu B, C đều đúng', 1, 0, '2014-11-29 04:30:35'),
(334, 86, 1, '1', 0, 0, '2014-11-29 05:02:43'),
(335, 86, 1, '2', 0, 0, '2014-11-29 05:02:51'),
(336, 86, 1, '4', 0, 0, '2014-11-29 05:03:01'),
(337, 86, 1, '6', 1, 0, '2014-11-29 05:03:13'),
(338, 87, 1, 'Tự thiết kế bằng chế độ Design View', 0, 0, '2014-11-30 01:07:26'),
(339, 87, 1, 'Dùng thuật sĩ (wizard)', 0, 0, '2014-11-30 01:07:55'),
(340, 87, 2, 'Kết hợp cả hai: dùng [i]thuật sĩ[/i] rồi tự thiết kế biểu mẫu', 1, 2, '2014-11-30 01:09:46'),
(341, 87, 2, 'Kết hợp cả hai: tự thiết kế biểu mẫu rôi dùng [i]thuật sĩ[/i]', 0, 0, '2014-11-30 01:09:53'),
(342, 88, 1, 'Sửa dữ liệu trong ô.', 1, 1, '2014-11-30 01:18:32'),
(343, 88, 1, 'Thay đổi nội dung các tiêu đề', 0, 0, '2014-11-30 01:17:25'),
(344, 88, 1, 'Sử dụng phông chữ tiếng Việt', 0, 0, '2014-11-30 01:17:51'),
(345, 88, 1, 'Thay đổi kích thước trường', 0, 1, '2014-11-30 01:18:22'),
(346, 89, 1, 'Tổng hợp thông tin từ nhiều bảng', 1, 0, '2014-11-30 01:34:01'),
(347, 89, 1, 'Nhập dữ liệu vào cho các bảng', 0, 0, '2014-11-30 01:34:14'),
(348, 89, 1, 'Tạo biểu mẫu, báo cáo', 0, 0, '2014-11-30 01:35:07'),
(349, 89, 1, 'Lưu cấu trúc bảng', 0, 0, '2014-11-30 01:35:47'),
(350, 90, 1, 'Liên kết (1) đúng còn liên kết (2) sai.', 0, 0, '2014-11-30 02:35:18'),
(351, 90, 1, 'Liên kết (1) sai còn liên kết (2) đúng.', 0, 0, '2014-11-30 02:35:42'),
(352, 90, 2, 'Cả hai liên kết (1) và (2) đều sai.', 1, 1, '2014-11-30 02:44:39'),
(353, 90, 2, 'Cả hai liên kết (1) và (2) đều đúng.', 0, 0, '2014-11-30 02:44:46'),
(354, 91, 1, 'Liên kết (1) đúng còn liên kết (2) sai.', 0, 0, '2014-11-30 02:39:24'),
(355, 91, 1, 'Liên kết (1) sai còn liên kết (2) đúng.', 0, 0, '2014-11-30 02:39:24'),
(356, 91, 2, 'Cả hai liên kết (1) và (2) đều sai.', 0, 0, '2014-11-30 02:44:56'),
(357, 91, 2, 'Cả hai liên kết (1) và (2) đều đúng.', 1, 0, '2014-11-30 02:45:02'),
(358, 92, 1, 'Liên kết (1) đúng còn liên kết (2) sai.', 0, 0, '2014-11-30 03:12:21'),
(359, 92, 1, 'Liên kết (1) sai còn liên kết (2) đúng.', 1, 0, '2014-11-30 03:12:31'),
(360, 92, 2, 'Cả hai liên kết (1) và (2) đều sai.', 0, 0, '2014-11-30 02:45:14'),
(361, 92, 2, 'Cả hai liên kết (1) và (2) đều đúng.', 0, 0, '2014-11-30 02:58:44'),
(362, 93, 1, 'Liên kết (1) đúng còn liên kết (2) sai.', 1, 0, '2014-11-30 03:03:03'),
(363, 93, 1, 'Liên kết (1) sai còn liên kết (2) đúng.', 0, 0, '2014-11-30 03:03:03'),
(364, 93, 2, 'Cả hai liên kết (1) và (2) đều sai.', 0, 0, '2014-11-30 03:03:03'),
(365, 93, 2, 'Cả hai liên kết (1) và (2) đều đúng.', 0, 0, '2014-11-30 03:03:03'),
(366, 94, 1, 'Không thể xoá được liên kết đã tạo.', 0, 0, '2014-11-30 03:23:58'),
(367, 94, 1, 'Không thể sửa được liên kết đã tạo', 0, 1, '2014-11-30 03:24:24'),
(368, 94, 1, 'Giữa 2 bảng có thể có nhiều liên kết', 1, 0, '2014-11-30 03:25:14'),
(369, 94, 1, 'Có thể có 1 liên kết giữa 3 bảng', 0, 0, '2014-11-30 03:26:53'),
(370, 95, 1, 'Không thể xoá được liên kết đã tạo.', 0, 0, '2014-11-30 03:27:34'),
(371, 95, 1, 'Không thể sửa được liên kết đã tạo', 0, 0, '2014-11-30 03:27:34'),
(372, 95, 1, 'Một bảng có thể liên kết tới chính nó', 1, 0, '2014-11-30 03:28:01'),
(373, 95, 1, 'Không thể tạo nhiều liên kết giữa 2 bảng', 0, 0, '2014-11-30 03:28:25'),
(374, 96, 1, 'Bảng', 1, 1, '2014-11-30 03:33:30'),
(375, 96, 1, 'Biểu mẫu', 0, 0, '2014-11-30 03:33:38'),
(376, 96, 1, 'Báo cáo', 0, 0, '2014-11-30 03:33:43'),
(377, 96, 2, 'Các câu trên đều đúng', 0, 0, '2014-11-30 03:34:01'),
(378, 97, 1, 'Gõ điều kiện ">=8.0" vào ô màu đỏ', 1, 0, '2014-11-30 03:47:05'),
(379, 97, 1, 'Gõ điều kiện ">=8.0" vào ô màu xanh', 0, 0, '2014-11-30 03:47:17'),
(380, 97, 1, 'Gõ điều kiện ">8.0" vào ô màu đỏ', 0, 0, '2014-11-30 03:50:17'),
(381, 97, 1, 'Gõ điều kiện ">8.0" vào ô màu xanh', 0, 0, '2014-11-30 03:50:26'),
(382, 98, 1, 'Gõ điều kiện ">=8.0" vào ô màu đỏ', 0, 0, '2014-11-30 04:49:39'),
(383, 98, 1, 'Gõ điều kiện ">=8.0" vào ô màu xanh', 1, 0, '2014-11-30 04:49:45'),
(384, 98, 1, 'Gõ điều kiện ">8.0" vào ô màu đỏ', 0, 0, '2014-11-30 03:50:43'),
(385, 98, 1, 'Gõ điều kiện ">8.0" vào ô màu xanh', 0, 0, '2014-11-30 03:50:43'),
(386, 99, 1, 'Gõ điều kiện ">=8.0" vào ô màu đỏ', 0, 0, '2014-11-30 04:55:31'),
(387, 99, 1, 'Gõ điều kiện ">=8.0" vào ô màu xanh', 0, 0, '2014-11-30 04:50:11'),
(388, 99, 1, 'Gõ điều kiện ">8.0" vào ô màu đỏ', 1, 1, '2014-11-30 04:55:36'),
(389, 99, 1, 'Gõ điều kiện ">8.0" vào ô màu xanh', 0, 0, '2014-11-30 04:50:11'),
(390, 100, 1, 'Gõ điều kiện ">=8.0" vào ô màu đỏ', 0, 0, '2014-11-30 04:55:56'),
(391, 100, 1, 'Gõ điều kiện ">=8.0" vào ô màu xanh', 0, 0, '2014-11-30 04:56:41'),
(392, 100, 1, 'Gõ điều kiện ">8.0" vào ô màu đỏ', 0, 0, '2014-11-30 04:55:56'),
(393, 100, 1, 'Gõ điều kiện ">8.0" vào ô màu xanh', 1, 0, '2014-11-30 04:56:47'),
(394, 101, 1, 'Danh sách học sinh có điểm toán lớn hơn 5 và nhỏ hơn 6', 1, 0, '2014-11-30 05:04:53'),
(395, 101, 1, 'Danh sách học sinh có điểm toán lớn hơn 5 ', 0, 0, '2014-11-30 05:05:12'),
(396, 101, 1, 'Danh sách học sinh có điểm toán nhỏ hơn 6', 0, 0, '2014-11-30 05:05:27'),
(397, 101, 1, 'Danh sách học sinh có điểm toán nhỏ hơn 5 hoặc lớn hơn 6', 0, 0, '2014-11-30 05:06:10'),
(398, 102, 1, 'Danh sách học sinh có điểm toán lớn hơn 5 và nhỏ hơn 6', 0, 0, '2014-11-30 05:11:05'),
(399, 102, 1, 'Danh sách học sinh có điểm toán nhỏ hơn 5 ', 0, 0, '2014-11-30 05:11:27'),
(400, 102, 1, 'Danh sách học sinh có điểm toán lớn hơn 6', 0, 0, '2014-11-30 05:11:37'),
(401, 102, 1, 'Danh sách học sinh có điểm toán nhỏ hơn 5 hoặc lớn hơn 6', 1, 1, '2014-11-30 05:11:12'),
(402, 103, 1, 'Create report by using wizard', 1, 0, '2014-11-30 05:25:36'),
(403, 103, 1, 'Create form by using wizard', 0, 0, '2014-11-30 05:25:46'),
(404, 103, 1, 'Create report in Design View', 0, 0, '2014-11-30 05:25:59'),
(405, 103, 1, 'Create form in Design View', 0, 0, '2014-11-30 05:26:11'),
(406, 104, 1, 'Create report by using wizard', 0, 0, '2014-11-30 05:26:45'),
(407, 104, 1, 'Create form by using wizard', 1, 0, '2014-11-30 05:26:51'),
(408, 104, 1, 'Create report in Design View', 0, 0, '2014-11-30 05:26:16'),
(409, 104, 1, 'Create form in Design View', 0, 0, '2014-11-30 05:26:16'),
(410, 105, 1, 'hoten', 0, 0, '2014-11-30 05:31:55'),
(411, 105, 1, 'gt', 0, 0, '2014-11-30 05:31:58'),
(412, 105, 1, 'to', 0, 0, '2014-11-30 05:32:03'),
(413, 105, 2, 'Các câu trên đều sai', 1, 0, '2014-11-30 05:32:42'),
(414, 106, 1, 'hoten', 0, 0, '2014-11-30 05:32:45'),
(415, 106, 1, 'gt', 0, 0, '2014-11-30 05:32:45'),
(416, 106, 1, 'to', 1, 0, '2014-11-30 05:33:23'),
(417, 106, 2, 'Các câu trên đều sai', 0, 0, '2014-11-30 05:33:16'),
(418, 107, 1, 'hoten', 0, 0, '2014-11-30 05:33:30'),
(419, 107, 1, 'gt', 1, 1, '2014-11-30 05:33:56'),
(420, 107, 1, 'to', 0, 0, '2014-11-30 05:33:49'),
(421, 107, 2, 'Các câu trên đều sai', 0, 0, '2014-11-30 05:33:30'),
(422, 108, 1, 'COUNT', 1, 0, '2014-11-30 05:36:27'),
(423, 108, 1, 'SUM', 0, 0, '2014-11-30 05:36:30'),
(424, 108, 1, 'MAX', 0, 0, '2014-11-30 05:36:32'),
(425, 108, 1, 'MIN', 0, 0, '2014-11-30 05:36:35'),
(426, 108, 1, 'IF', 0, 0, '2014-11-30 05:36:47'),
(427, 109, 1, '''ABCCBDA''', 1, 1, '2014-12-03 17:26:10'),
(428, 109, 1, '''BCB''', 0, 1, '2014-11-30 12:46:38'),
(429, 109, 1, '''CB''', 0, 0, '2014-11-30 12:46:49'),
(430, 109, 1, '''CBDA''', 0, 1, '2014-11-30 12:47:20'),
(431, 110, 1, '''ABCBDA''', 0, 0, '2014-11-30 12:47:49'),
(432, 110, 1, '''BCB''', 1, 3, '2014-12-03 17:09:28'),
(433, 110, 1, '''CB''', 0, 0, '2014-11-30 12:47:23'),
(434, 110, 1, '''CBDA''', 0, 0, '2014-11-30 12:47:23'),
(435, 111, 1, '''ABCBDA''', 0, 0, '2014-11-30 12:57:05'),
(436, 111, 1, '''BCB''', 0, 1, '2014-11-30 12:57:27'),
(437, 111, 1, '''CB''', 1, 2, '2014-11-30 12:57:36'),
(438, 111, 1, '''CBDA''', 0, 0, '2014-11-30 12:57:05'),
(439, 112, 1, 's[1]:=upcase(s[1]);', 1, 4, '2014-11-30 12:59:46'),
(440, 112, 1, 's:=upcase(s[1]);', 0, 1, '2014-11-30 13:00:00'),
(441, 112, 1, 's[1]:=upcase(s);', 0, 1, '2014-11-30 13:00:12'),
(442, 112, 1, 's:=upcase(s);', 0, 1, '2014-11-30 13:00:37'),
(444, 113, 1, 's:=upcase(s[1]);', 0, 1, '2014-11-30 13:00:47'),
(445, 113, 1, 's[1]:=upcase(s);', 0, 0, '2014-11-30 13:00:47'),
(446, 113, 1, 's:=upcase(s);', 0, 0, '2014-11-30 13:00:47'),
(447, 113, 2, 'Các câu trên đều sai', 1, 0, '2014-11-30 13:01:27'),
(448, 114, 1, 'Không làm gì cả', 1, 1, '2014-11-30 13:05:33'),
(449, 114, 1, 'Viết xâu s theo thứ tự ngược lại', 0, 0, '2014-11-30 13:06:03'),
(450, 114, 1, 'Viết kí tự cuối cùng của xâu', 0, 0, '2014-11-30 13:06:23'),
(451, 114, 1, 'Viết lại xâu s', 0, 1, '2014-11-30 13:06:42'),
(452, 114, 1, 'Viết kí tự đầu tiên của xâu', 0, 0, '2014-11-30 13:06:59'),
(454, 115, 1, 'Viết xâu s theo thứ tự ngược lại', 0, 0, '2014-11-30 13:07:04'),
(455, 115, 1, 'Viết kí tự cuối cùng của xâu', 0, 0, '2014-11-30 13:07:04'),
(456, 115, 1, 'Viết lại xâu s', 0, 0, '2014-11-30 13:07:04'),
(457, 115, 1, 'Viết kí tự đầu tiên của xâu', 0, 0, '2014-11-30 13:07:04'),
(458, 115, 2, 'Các câu trên đều sai', 1, 1, '2014-11-30 13:07:31'),
(459, 116, 1, 'Không làm gì cả', 0, 0, '2014-11-30 13:08:29'),
(460, 116, 1, 'Viết xâu s theo thứ tự ngược lại', 1, 3, '2014-12-03 17:09:28'),
(461, 116, 1, 'Viết kí tự cuối cùng của xâu', 0, 0, '2014-11-30 13:08:08'),
(462, 116, 1, 'Viết lại xâu s', 0, 1, '2014-11-30 13:08:08'),
(463, 116, 1, 'Viết kí tự đầu tiên của xâu', 0, 0, '2014-11-30 13:08:08'),
(464, 117, 1, 'Không làm gì cả', 0, 0, '2014-11-30 13:08:53'),
(466, 117, 1, 'Viết kí tự cuối cùng của xâu', 0, 1, '2014-11-30 13:08:53'),
(467, 117, 1, 'Viết lại xâu s', 0, 0, '2014-11-30 13:08:53'),
(468, 117, 1, 'Viết kí tự đầu tiên của xâu', 0, 0, '2014-11-30 13:08:53'),
(469, 117, 2, 'Các câu trên đều sai', 1, 2, '2014-11-30 13:09:28'),
(470, 118, 1, 'Không làm gì cả', 0, 0, '2014-11-30 13:09:42'),
(471, 118, 1, 'Viết kí tự cuối cùng của xâu', 0, 0, '2014-11-30 13:09:42'),
(472, 118, 1, 'Viết lại xâu s', 1, 3, '2014-12-03 17:26:10'),
(473, 118, 1, 'Viết kí tự đầu tiên của xâu', 0, 0, '2014-11-30 13:09:42'),
(474, 118, 2, 'Các câu trên đều sai', 0, 0, '2014-11-30 13:10:13'),
(475, 119, 1, 'Không làm gì cả', 1, 0, '2014-11-30 13:10:53'),
(476, 119, 1, 'Viết xâu s theo thứ tự ngược lại', 0, 0, '2014-11-30 13:10:53'),
(477, 119, 1, 'Viết kí tự cuối cùng của xâu', 0, 0, '2014-11-30 13:10:53'),
(478, 119, 1, 'Viết lại xâu s', 0, 0, '2014-11-30 13:10:53'),
(479, 119, 1, 'Viết kí tự đầu tiên của xâu', 0, 0, '2014-11-30 13:10:53'),
(480, 120, 1, 'Xoá kí tự cuối cùng của xâu s', 1, 1, '2014-11-30 13:13:46'),
(481, 120, 1, 'Xoá hết các kí tự trong xâu', 0, 0, '2014-11-30 13:15:23'),
(482, 120, 1, 'Không làm gì cả', 0, 0, '2014-11-30 13:16:21'),
(483, 120, 1, 'Xoá hết các kí tự trong xâu, trừ kí tự cuối cùng', 0, 0, '2014-11-30 13:15:42'),
(484, 121, 1, 'Xoá kí tự cuối cùng của xâu s', 0, 2, '2014-11-30 13:16:52'),
(485, 121, 1, 'Xoá hết các kí tự trong xâu', 1, 1, '2014-12-03 15:23:27'),
(486, 121, 1, 'Không làm gì cả', 0, 0, '2014-11-30 13:16:29'),
(487, 121, 1, 'Xoá hết các kí tự trong xâu, trừ kí tự cuối cùng', 0, 0, '2014-11-30 13:16:29'),
(488, 122, 1, 'pos(#32,s)>0', 1, 3, '2014-11-30 13:19:21'),
(489, 122, 1, 'pos(#32,s)>=0', 0, 3, '2014-12-03 15:23:27'),
(490, 122, 1, 's[1]=#32', 0, 0, '2014-11-30 13:19:42'),
(491, 122, 1, 'length(s)=32', 0, 0, '2014-11-30 13:19:50'),
(492, 123, 1, 'Xoá hết các dấu cách ở đầu xâu', 1, 4, '2014-12-03 15:16:39'),
(493, 123, 1, 'Xoá hết các kí tự trong xâu', 0, 0, '2014-11-30 13:21:22'),
(494, 123, 1, 'Phát sinh lỗi vì vòng lặp không dừng', 0, 0, '2014-11-30 13:21:31'),
(495, 123, 1, 'Xoá hết các dấu cách trong xâu', 0, 0, '2014-11-30 13:21:39'),
(496, 123, 1, 'Không làm gì cả', 0, 0, '2014-11-30 13:21:50'),
(497, 124, 1, '''11A9'' > ''11A10''', 1, 4, '2014-12-03 17:09:28'),
(498, 124, 1, '''11A9'' < ''11A10''', 0, 2, '2014-11-30 13:38:33'),
(499, 124, 1, '''11A9'' = ''11A10''', 0, 1, '2014-11-30 13:38:43'),
(500, 125, 1, '''11A09'' < ''11A10''', 1, 0, '2014-12-04 15:27:35'),
(501, 125, 1, '''11A09'' > ''11A10''', 0, 0, '2014-12-04 15:27:43'),
(502, 125, 1, '''11A09'' = ''11A10''', 0, 0, '2014-12-04 15:27:50'),
(503, 126, 1, '''11A3''', 0, 0, '2014-12-04 15:29:18'),
(504, 126, 1, '''11A2''', 0, 0, '2014-12-04 15:28:40'),
(505, 126, 1, '''11A1''', 1, 0, '2014-12-04 15:29:23'),
(506, 126, 1, '''11A11''', 0, 0, '2014-12-04 15:28:40'),
(507, 127, 1, '''Hoai Hai''', 0, 0, '2014-12-04 15:30:52'),
(508, 127, 1, '''Hoai My''', 0, 0, '2014-12-04 15:30:28'),
(509, 127, 1, '''Hoai Huong''', 0, 0, '2014-12-04 15:30:28'),
(510, 127, 1, '''Hoai Thanh''', 0, 0, '2014-12-04 15:30:28'),
(511, 127, 1, '''Hoai Xuan''', 1, 0, '2014-12-04 15:31:03'),
(513, 128, 1, '''Hoai My''', 0, 0, '2014-12-04 15:31:56'),
(514, 128, 1, '''Hoai Huong''', 1, 0, '2014-12-04 15:32:15'),
(515, 128, 1, '''Hoai Thanh''', 0, 0, '2014-12-04 15:31:56'),
(516, 128, 1, '''Hoai Xuan''', 0, 0, '2014-12-04 15:31:56'),
(517, 129, 1, '''Hoai Hai''', 0, 0, '2014-12-04 15:32:31'),
(518, 129, 1, '''Hoai My''', 0, 0, '2014-12-04 15:32:31'),
(519, 129, 1, '''Hoai Huong''', 0, 0, '2014-12-04 15:32:31'),
(520, 129, 1, '''Hoai Thanh''', 1, 0, '2014-12-04 15:32:48'),
(522, 130, 1, '''12034''', 0, 0, '2014-12-04 15:34:42'),
(523, 130, 1, '''154''', 0, 0, '2014-12-04 15:33:31'),
(524, 130, 1, '''460''', 0, 0, '2014-12-04 15:33:31'),
(525, 130, 1, '''34120''', 0, 0, '2014-12-04 15:33:31'),
(526, 130, 2, 'Các câu trên đều sai', 1, 0, '2014-12-04 15:35:05'),
(527, 18, 2, 'Các câu trên đều sai', 1, 0, '2014-12-04 15:36:23'),
(528, 131, 1, '''34120''', 1, 0, '2014-12-04 15:40:10'),
(529, 131, 1, '''12034''', 0, 0, '2014-12-04 15:39:37'),
(530, 131, 1, '''154''', 0, 0, '2014-12-04 15:39:37'),
(531, 131, 1, '''460''', 0, 0, '2014-12-04 15:39:37'),
(532, 131, 2, 'Các câu trên đều sai', 0, 0, '2014-12-04 15:40:01'),
(533, 132, 1, 'pos(#32,s)>0', 0, 0, '2014-12-04 15:42:07'),
(534, 132, 1, 'pos(#32,s)=0', 1, 0, '2014-12-04 15:42:21'),
(535, 132, 1, 's[i]=#32', 0, 0, '2014-12-04 15:42:45'),
(536, 132, 1, 'pos(s,#32)=0', 0, 0, '2014-12-04 15:43:02'),
(537, 132, 1, 'pos(s,#32)>0', 0, 0, '2014-12-04 15:43:25'),
(538, 133, 1, 'Table', 1, 0, '2014-12-04 15:47:06'),
(539, 133, 1, 'Query', 0, 0, '2014-12-04 15:47:06'),
(540, 133, 1, 'Form', 0, 0, '2014-12-04 15:47:06'),
(541, 133, 1, 'Report', 0, 0, '2014-12-04 15:47:06'),
(542, 133, 2, 'Các câu trên đều đúng', 0, 0, '2014-12-04 15:47:35'),
(544, 134, 1, 'Query', 0, 0, '2014-12-04 15:47:38'),
(545, 134, 1, 'Form', 0, 0, '2014-12-04 15:47:38'),
(546, 134, 1, 'Report', 0, 0, '2014-12-04 15:47:38'),
(547, 134, 2, 'Các câu trên đều sai', 1, 0, '2014-12-04 15:48:17');

/*!40101 SET CHARACTER_SET_CLIENT=@OLD_CHARACTER_SET_CLIENT */;
/*!40101 SET CHARACTER_SET_RESULTS=@OLD_CHARACTER_SET_RESULTS */;
/*!40101 SET COLLATION_CONNECTION=@OLD_COLLATION_CONNECTION */;
